{"timestamp_start":"2025-08-24T17:34:48.093134+00:00","timestamp_end":"2025-08-24T17:34:48.137420+00:00","duration_ms":44.293,"func":"_get","module":"glpi_client","request_id":null,"ok":true}
{"timestamp_start":"2025-08-24T17:34:47.482931+00:00","timestamp_end":"2025-08-24T17:34:48.140881+00:00","duration_ms":657.956,"func":"init_session","module":"glpi_client","request_id":null,"ok":true}
{"timestamp_start":"2025-08-24T17:34:48.145708+00:00","timestamp_end":"2025-08-24T17:34:48.206021+00:00","duration_ms":60.319,"func":"_get","module":"glpi_client","request_id":null,"ok":true}
{"timestamp_start":"2025-08-24T17:34:48.145705+00:00","timestamp_end":"2025-08-24T17:34:48.209783+00:00","duration_ms":64.082,"func":"list_search_options","module":"glpi_client","request_id":null,"ok":true}
{"timestamp_start":"2025-08-24T17:34:48.212347+00:00","timestamp_end":"2025-08-24T17:34:48.254045+00:00","duration_ms":41.708,"func":"try_get_group_name","module":"glpi_client","request_id":null,"ok":true}
{"timestamp_start":"2025-08-24T17:34:48.255766+00:00","timestamp_end":"2025-08-24T17:34:48.427839+00:00","duration_ms":172.08,"func":"_get","module":"glpi_client","request_id":null,"ok":true}
{"timestamp_start":"2025-08-24T17:34:48.255754+00:00","timestamp_end":"2025-08-24T17:34:48.430701+00:00","duration_ms":174.958,"func":"raw_search","module":"glpi_client","request_id":null,"ok":true}
{"timestamp_start":"2025-08-24T17:34:48.145692+00:00","timestamp_end":"2025-08-24T17:34:48.438798+00:00","duration_ms":293.113,"func":"bulk_search_observer_tickets","module":"data_access","request_id":null,"ok":true}
{"timestamp_start":"2025-08-24T17:34:48.441628+00:00","timestamp_end":"2025-08-24T17:34:48.444396+00:00","duration_ms":2.772,"func":"normalize_ticket_df","module":"metrics","request_id":null,"ok":true}
{"timestamp_start":"2025-08-24T17:34:48.446518+00:00","timestamp_end":"2025-08-24T17:34:48.487796+00:00","duration_ms":41.283,"func":"_get","module":"glpi_client","request_id":null,"ok":true}
{"timestamp_start":"2025-08-24T17:34:48.446505+00:00","timestamp_end":"2025-08-24T17:34:48.490637+00:00","duration_ms":44.143,"func":"kill_session","module":"glpi_client","request_id":null,"ok":true}
{"timestamp_start":"2025-08-24T17:34:48.494201+00:00","timestamp_end":"2025-08-24T17:34:48.513323+00:00","duration_ms":19.129,"func":"created_resolved","module":"metrics","request_id":null,"ok":true}
{"timestamp_start":"2025-08-24T17:34:48.515422+00:00","timestamp_end":"2025-08-24T17:34:48.516956+00:00","duration_ms":1.542,"func":"backlog_trend_series","module":"metrics","request_id":null,"ok":true}
{"timestamp_start":"2025-08-24T17:34:48.519442+00:00","timestamp_end":"2025-08-24T17:34:48.520906+00:00","duration_ms":1.47,"func":"backlog_status","module":"metrics","request_id":null,"ok":true}
{"timestamp_start":"2025-08-24T17:34:48.522682+00:00","timestamp_end":"2025-08-24T17:34:48.527618+00:00","duration_ms":4.944,"func":"sla_solution","module":"metrics","request_id":null,"ok":true}
{"timestamp_start":"2025-08-24T17:34:48.530336+00:00","timestamp_end":"2025-08-24T17:34:48.533868+00:00","duration_ms":3.541,"func":"aging_buckets","module":"metrics","request_id":null,"ok":true}
{"timestamp_start":"2025-08-24T17:34:48.537291+00:00","timestamp_end":"2025-08-24T17:34:48.538414+00:00","duration_ms":1.128,"func":"composition","module":"metrics","request_id":null,"ok":true}
{"timestamp_start":"2025-08-24T17:34:48.540607+00:00","timestamp_end":"2025-08-24T17:34:48.541761+00:00","duration_ms":1.159,"func":"load_by_assignee","module":"metrics","request_id":null,"ok":true}
{"timestamp_start":"2025-08-24T20:30:39.974055+00:00","timestamp_end":"2025-08-24T20:30:40.015067+00:00","duration_ms":41.018,"func":"_get","module":"glpi_client","request_id":null,"ok":true}
{"timestamp_start":"2025-08-24T20:30:39.679806+00:00","timestamp_end":"2025-08-24T20:30:40.018522+00:00","duration_ms":338.723,"func":"init_session","module":"glpi_client","request_id":null,"ok":true}
{"timestamp_start":"2025-08-24T20:30:40.021722+00:00","timestamp_end":"2025-08-24T20:30:40.116228+00:00","duration_ms":94.512,"func":"_get","module":"glpi_client","request_id":null,"ok":true}
{"timestamp_start":"2025-08-24T20:30:40.021718+00:00","timestamp_end":"2025-08-24T20:30:40.120056+00:00","duration_ms":98.344,"func":"list_search_options","module":"glpi_client","request_id":null,"ok":true}
{"timestamp_start":"2025-08-24T20:30:40.123887+00:00","timestamp_end":"2025-08-24T20:30:40.166041+00:00","duration_ms":42.162,"func":"try_get_group_name","module":"glpi_client","request_id":null,"ok":true}
{"timestamp_start":"2025-08-24T20:30:40.169235+00:00","timestamp_end":"2025-08-24T20:30:40.370772+00:00","duration_ms":201.544,"func":"_get","module":"glpi_client","request_id":null,"ok":true}
{"timestamp_start":"2025-08-24T20:30:40.169223+00:00","timestamp_end":"2025-08-24T20:30:40.375083+00:00","duration_ms":205.872,"func":"raw_search","module":"glpi_client","request_id":null,"ok":true}
{"timestamp_start":"2025-08-24T20:30:40.021702+00:00","timestamp_end":"2025-08-24T20:30:40.509440+00:00","duration_ms":487.746,"func":"bulk_search_observer_tickets","module":"data_access","request_id":null,"ok":true}
{"timestamp_start":"2025-08-24T20:30:40.511966+00:00","timestamp_end":"2025-08-24T20:30:40.514609+00:00","duration_ms":2.648,"func":"normalize_ticket_df","module":"metrics","request_id":null,"ok":true}
{"timestamp_start":"2025-08-24T20:30:40.517316+00:00","timestamp_end":"2025-08-24T20:30:40.556903+00:00","duration_ms":39.593,"func":"_get","module":"glpi_client","request_id":null,"ok":true}
{"timestamp_start":"2025-08-24T20:30:40.517306+00:00","timestamp_end":"2025-08-24T20:30:40.559992+00:00","duration_ms":42.695,"func":"kill_session","module":"glpi_client","request_id":null,"ok":true}
{"timestamp_start":"2025-08-24T20:30:40.563675+00:00","timestamp_end":"2025-08-24T20:30:40.719801+00:00","duration_ms":156.132,"func":"created_resolved","module":"metrics","request_id":null,"ok":true}
{"timestamp_start":"2025-08-24T20:30:40.722809+00:00","timestamp_end":"2025-08-24T20:30:40.738259+00:00","duration_ms":15.456,"func":"backlog_trend_series","module":"metrics","request_id":null,"ok":true}
{"timestamp_start":"2025-08-24T20:30:40.741013+00:00","timestamp_end":"2025-08-24T20:30:40.760798+00:00","duration_ms":19.795,"func":"backlog_status","module":"metrics","request_id":null,"ok":true}
{"timestamp_start":"2025-08-24T20:30:40.764979+00:00","timestamp_end":"2025-08-24T20:30:40.792654+00:00","duration_ms":27.684,"func":"sla_solution","module":"metrics","request_id":null,"ok":true}
{"timestamp_start":"2025-08-24T20:30:40.795101+00:00","timestamp_end":"2025-08-24T20:30:40.844139+00:00","duration_ms":49.051,"func":"aging_buckets","module":"metrics","request_id":null,"ok":true}
{"timestamp_start":"2025-08-24T20:30:40.847103+00:00","timestamp_end":"2025-08-24T20:30:40.860493+00:00","duration_ms":13.402,"func":"composition","module":"metrics","request_id":null,"ok":true}
{"timestamp_start":"2025-08-24T20:30:40.863685+00:00","timestamp_end":"2025-08-24T20:30:40.865740+00:00","duration_ms":2.063,"func":"load_by_assignee","module":"metrics","request_id":null,"ok":true}
{"timestamp_start":"2025-08-24T20:31:17.017473+00:00","timestamp_end":"2025-08-24T20:31:17.062125+00:00","duration_ms":44.659,"func":"_get","module":"glpi_client","request_id":null,"ok":true}
{"timestamp_start":"2025-08-24T20:31:16.760594+00:00","timestamp_end":"2025-08-24T20:31:17.066601+00:00","duration_ms":306.012,"func":"init_session","module":"glpi_client","request_id":null,"ok":true}
{"timestamp_start":"2025-08-24T20:31:17.071150+00:00","timestamp_end":"2025-08-24T20:31:17.137716+00:00","duration_ms":66.571,"func":"_get","module":"glpi_client","request_id":null,"ok":true}
{"timestamp_start":"2025-08-24T20:31:17.071145+00:00","timestamp_end":"2025-08-24T20:31:17.142915+00:00","duration_ms":71.776,"func":"list_search_options","module":"glpi_client","request_id":null,"ok":true}
{"timestamp_start":"2025-08-24T20:31:17.150345+00:00","timestamp_end":"2025-08-24T20:31:17.194481+00:00","duration_ms":44.141,"func":"try_get_group_name","module":"glpi_client","request_id":null,"ok":true}
{"timestamp_start":"2025-08-24T20:31:17.199813+00:00","timestamp_end":"2025-08-24T20:31:17.366755+00:00","duration_ms":166.947,"func":"_get","module":"glpi_client","request_id":null,"ok":true}
{"timestamp_start":"2025-08-24T20:31:17.199805+00:00","timestamp_end":"2025-08-24T20:31:17.369730+00:00","duration_ms":169.934,"func":"raw_search","module":"glpi_client","request_id":null,"ok":true}
{"timestamp_start":"2025-08-24T20:31:17.071131+00:00","timestamp_end":"2025-08-24T20:31:17.377846+00:00","duration_ms":306.722,"func":"bulk_search_observer_tickets","module":"data_access","request_id":null,"ok":true}
{"timestamp_start":"2025-08-24T20:31:17.382375+00:00","timestamp_end":"2025-08-24T20:31:17.385900+00:00","duration_ms":3.531,"func":"normalize_ticket_df","module":"metrics","request_id":null,"ok":true}
{"timestamp_start":"2025-08-24T20:31:17.390255+00:00","timestamp_end":"2025-08-24T20:31:17.439746+00:00","duration_ms":49.499,"func":"_get","module":"glpi_client","request_id":null,"ok":true}
{"timestamp_start":"2025-08-24T20:31:17.390235+00:00","timestamp_end":"2025-08-24T20:31:17.445094+00:00","duration_ms":54.871,"func":"kill_session","module":"glpi_client","request_id":null,"ok":true}
{"timestamp_start":"2025-08-24T20:31:17.449000+00:00","timestamp_end":"2025-08-24T20:31:17.453405+00:00","duration_ms":4.413,"func":"created_resolved","module":"metrics","request_id":null,"ok":true}
{"timestamp_start":"2025-08-24T20:31:17.457820+00:00","timestamp_end":"2025-08-24T20:31:17.460178+00:00","duration_ms":2.372,"func":"backlog_trend_series","module":"metrics","request_id":null,"ok":true}
{"timestamp_start":"2025-08-24T20:31:17.464390+00:00","timestamp_end":"2025-08-24T20:31:17.466241+00:00","duration_ms":1.859,"func":"backlog_status","module":"metrics","request_id":null,"ok":true}
{"timestamp_start":"2025-08-24T20:31:17.470222+00:00","timestamp_end":"2025-08-24T20:31:17.477123+00:00","duration_ms":6.917,"func":"sla_solution","module":"metrics","request_id":null,"ok":true}
{"timestamp_start":"2025-08-24T20:31:17.481437+00:00","timestamp_end":"2025-08-24T20:31:17.485865+00:00","duration_ms":4.437,"func":"aging_buckets","module":"metrics","request_id":null,"ok":true}
{"timestamp_start":"2025-08-24T20:31:17.490106+00:00","timestamp_end":"2025-08-24T20:31:17.492921+00:00","duration_ms":2.824,"func":"composition","module":"metrics","request_id":null,"ok":true}
{"timestamp_start":"2025-08-24T20:31:17.497236+00:00","timestamp_end":"2025-08-24T20:31:17.498626+00:00","duration_ms":1.397,"func":"load_by_assignee","module":"metrics","request_id":null,"ok":true}
{"timestamp_start":"2025-08-24T20:33:10.282067+00:00","timestamp_end":"2025-08-24T20:33:10.326601+00:00","duration_ms":44.54,"func":"_get","module":"glpi_client","request_id":null,"ok":true}
{"timestamp_start":"2025-08-24T20:33:10.026947+00:00","timestamp_end":"2025-08-24T20:33:10.331019+00:00","duration_ms":304.078,"func":"init_session","module":"glpi_client","request_id":null,"ok":true}
{"timestamp_start":"2025-08-24T20:33:10.339102+00:00","timestamp_end":"2025-08-24T20:33:10.398748+00:00","duration_ms":59.651,"func":"_get","module":"glpi_client","request_id":null,"ok":true}
{"timestamp_start":"2025-08-24T20:33:10.339096+00:00","timestamp_end":"2025-08-24T20:33:10.402551+00:00","duration_ms":63.461,"func":"list_search_options","module":"glpi_client","request_id":null,"ok":true}
{"timestamp_start":"2025-08-24T20:33:10.406098+00:00","timestamp_end":"2025-08-24T20:33:10.446742+00:00","duration_ms":40.651,"func":"try_get_group_name","module":"glpi_client","request_id":null,"ok":true}
{"timestamp_start":"2025-08-24T20:33:10.449742+00:00","timestamp_end":"2025-08-24T20:33:10.654175+00:00","duration_ms":204.437,"func":"_get","module":"glpi_client","request_id":null,"ok":true}
{"timestamp_start":"2025-08-24T20:33:10.449729+00:00","timestamp_end":"2025-08-24T20:33:10.660434+00:00","duration_ms":210.715,"func":"raw_search","module":"glpi_client","request_id":null,"ok":true}
{"timestamp_start":"2025-08-24T20:33:10.339072+00:00","timestamp_end":"2025-08-24T20:33:10.668501+00:00","duration_ms":329.434,"func":"bulk_search_observer_tickets","module":"data_access","request_id":null,"ok":true}
{"timestamp_start":"2025-08-24T20:33:10.673714+00:00","timestamp_end":"2025-08-24T20:33:10.676216+00:00","duration_ms":2.506,"func":"normalize_ticket_df","module":"metrics","request_id":null,"ok":true}
{"timestamp_start":"2025-08-24T20:33:10.682202+00:00","timestamp_end":"2025-08-24T20:33:10.739848+00:00","duration_ms":57.651,"func":"_get","module":"glpi_client","request_id":null,"ok":true}
{"timestamp_start":"2025-08-24T20:33:10.682189+00:00","timestamp_end":"2025-08-24T20:33:10.748573+00:00","duration_ms":66.39,"func":"kill_session","module":"glpi_client","request_id":null,"ok":true}
{"timestamp_start":"2025-08-24T20:33:10.753783+00:00","timestamp_end":"2025-08-24T20:33:10.757964+00:00","duration_ms":4.186,"func":"created_resolved","module":"metrics","request_id":null,"ok":true}
{"timestamp_start":"2025-08-24T20:33:10.763780+00:00","timestamp_end":"2025-08-24T20:33:10.765435+00:00","duration_ms":1.675,"func":"backlog_trend_series","module":"metrics","request_id":null,"ok":true}
{"timestamp_start":"2025-08-24T20:33:10.769364+00:00","timestamp_end":"2025-08-24T20:33:10.771043+00:00","duration_ms":1.686,"func":"backlog_status","module":"metrics","request_id":null,"ok":true}
{"timestamp_start":"2025-08-24T20:33:10.773904+00:00","timestamp_end":"2025-08-24T20:33:10.776827+00:00","duration_ms":2.929,"func":"sla_solution","module":"metrics","request_id":null,"ok":true}
{"timestamp_start":"2025-08-24T20:33:10.780375+00:00","timestamp_end":"2025-08-24T20:33:10.782639+00:00","duration_ms":2.268,"func":"aging_buckets","module":"metrics","request_id":null,"ok":true}
{"timestamp_start":"2025-08-24T20:33:10.786339+00:00","timestamp_end":"2025-08-24T20:33:10.788004+00:00","duration_ms":1.67,"func":"composition","module":"metrics","request_id":null,"ok":true}
{"timestamp_start":"2025-08-24T20:33:10.791403+00:00","timestamp_end":"2025-08-24T20:33:10.792186+00:00","duration_ms":0.787,"func":"load_by_assignee","module":"metrics","request_id":null,"ok":true}
{"timestamp_start":"2025-08-24T20:36:16.988100+00:00","timestamp_end":"2025-08-24T20:36:17.029790+00:00","duration_ms":41.695,"func":"_get","module":"glpi_client","request_id":null,"ok":true}
{"timestamp_start":"2025-08-24T20:36:16.719480+00:00","timestamp_end":"2025-08-24T20:36:17.032961+00:00","duration_ms":313.491,"func":"init_session","module":"glpi_client","request_id":null,"ok":true}
{"timestamp_start":"2025-08-24T20:36:17.035891+00:00","timestamp_end":"2025-08-24T20:36:17.096553+00:00","duration_ms":60.667,"func":"_get","module":"glpi_client","request_id":null,"ok":true}
{"timestamp_start":"2025-08-24T20:36:17.035886+00:00","timestamp_end":"2025-08-24T20:36:17.100665+00:00","duration_ms":64.79,"func":"list_search_options","module":"glpi_client","request_id":null,"ok":true}
{"timestamp_start":"2025-08-24T20:36:17.103677+00:00","timestamp_end":"2025-08-24T20:36:17.145704+00:00","duration_ms":42.034,"func":"try_get_group_name","module":"glpi_client","request_id":null,"ok":true}
{"timestamp_start":"2025-08-24T20:36:17.148970+00:00","timestamp_end":"2025-08-24T20:36:17.318038+00:00","duration_ms":169.073,"func":"_get","module":"glpi_client","request_id":null,"ok":true}
{"timestamp_start":"2025-08-24T20:36:17.148959+00:00","timestamp_end":"2025-08-24T20:36:17.320771+00:00","duration_ms":171.819,"func":"raw_search","module":"glpi_client","request_id":null,"ok":true}
{"timestamp_start":"2025-08-24T20:36:17.035870+00:00","timestamp_end":"2025-08-24T20:36:17.437511+00:00","duration_ms":401.65,"func":"bulk_search_observer_tickets","module":"data_access","request_id":null,"ok":true}
{"timestamp_start":"2025-08-24T20:36:17.441005+00:00","timestamp_end":"2025-08-24T20:36:17.444139+00:00","duration_ms":3.137,"func":"normalize_ticket_df","module":"metrics","request_id":null,"ok":true}
{"timestamp_start":"2025-08-24T20:36:17.447227+00:00","timestamp_end":"2025-08-24T20:36:17.490268+00:00","duration_ms":43.046,"func":"_get","module":"glpi_client","request_id":null,"ok":true}
{"timestamp_start":"2025-08-24T20:36:17.447217+00:00","timestamp_end":"2025-08-24T20:36:17.493101+00:00","duration_ms":45.893,"func":"kill_session","module":"glpi_client","request_id":null,"ok":true}
{"timestamp_start":"2025-08-24T20:36:17.496916+00:00","timestamp_end":"2025-08-24T20:36:17.612111+00:00","duration_ms":115.212,"func":"created_resolved","module":"metrics","request_id":null,"ok":true}
{"timestamp_start":"2025-08-24T20:36:17.615095+00:00","timestamp_end":"2025-08-24T20:36:17.624048+00:00","duration_ms":8.96,"func":"backlog_trend_series","module":"metrics","request_id":null,"ok":true}
{"timestamp_start":"2025-08-24T20:36:17.626838+00:00","timestamp_end":"2025-08-24T20:36:17.642264+00:00","duration_ms":15.433,"func":"backlog_status","module":"metrics","request_id":null,"ok":true}
{"timestamp_start":"2025-08-24T20:36:17.645155+00:00","timestamp_end":"2025-08-24T20:36:17.665004+00:00","duration_ms":19.855,"func":"sla_solution","module":"metrics","request_id":null,"ok":true}
{"timestamp_start":"2025-08-24T20:36:17.668059+00:00","timestamp_end":"2025-08-24T20:36:17.710797+00:00","duration_ms":42.745,"func":"aging_buckets","module":"metrics","request_id":null,"ok":true}
{"timestamp_start":"2025-08-24T20:36:17.714927+00:00","timestamp_end":"2025-08-24T20:36:17.724017+00:00","duration_ms":9.096,"func":"composition","module":"metrics","request_id":null,"ok":true}
{"timestamp_start":"2025-08-24T20:36:17.728681+00:00","timestamp_end":"2025-08-24T20:36:17.729591+00:00","duration_ms":0.914,"func":"load_by_assignee","module":"metrics","request_id":null,"ok":true}
{"timestamp_start":"2025-08-24T20:36:55.876088+00:00","timestamp_end":"2025-08-24T20:36:55.917648+00:00","duration_ms":41.566,"func":"_get","module":"glpi_client","request_id":null,"ok":true}
{"timestamp_start":"2025-08-24T20:36:55.611258+00:00","timestamp_end":"2025-08-24T20:36:55.923553+00:00","duration_ms":312.299,"func":"init_session","module":"glpi_client","request_id":null,"ok":true}
{"timestamp_start":"2025-08-24T20:36:55.928351+00:00","timestamp_end":"2025-08-24T20:36:56.005815+00:00","duration_ms":77.469,"func":"_get","module":"glpi_client","request_id":null,"ok":true}
{"timestamp_start":"2025-08-24T20:36:55.928348+00:00","timestamp_end":"2025-08-24T20:36:56.011627+00:00","duration_ms":83.284,"func":"list_search_options","module":"glpi_client","request_id":null,"ok":true}
{"timestamp_start":"2025-08-24T20:36:56.014669+00:00","timestamp_end":"2025-08-24T20:36:56.059895+00:00","duration_ms":45.234,"func":"try_get_group_name","module":"glpi_client","request_id":null,"ok":true}
{"timestamp_start":"2025-08-24T20:36:56.063656+00:00","timestamp_end":"2025-08-24T20:36:56.231114+00:00","duration_ms":167.462,"func":"_get","module":"glpi_client","request_id":null,"ok":true}
{"timestamp_start":"2025-08-24T20:36:56.063648+00:00","timestamp_end":"2025-08-24T20:36:56.235782+00:00","duration_ms":172.143,"func":"raw_search","module":"glpi_client","request_id":null,"ok":true}
{"timestamp_start":"2025-08-24T20:36:55.928337+00:00","timestamp_end":"2025-08-24T20:36:56.243981+00:00","duration_ms":315.65,"func":"bulk_search_observer_tickets","module":"data_access","request_id":null,"ok":true}
{"timestamp_start":"2025-08-24T20:36:56.247089+00:00","timestamp_end":"2025-08-24T20:36:56.249794+00:00","duration_ms":2.708,"func":"normalize_ticket_df","module":"metrics","request_id":null,"ok":true}
{"timestamp_start":"2025-08-24T20:36:56.256433+00:00","timestamp_end":"2025-08-24T20:36:56.295342+00:00","duration_ms":38.913,"func":"_get","module":"glpi_client","request_id":null,"ok":true}
{"timestamp_start":"2025-08-24T20:36:56.256422+00:00","timestamp_end":"2025-08-24T20:36:56.301738+00:00","duration_ms":45.325,"func":"kill_session","module":"glpi_client","request_id":null,"ok":true}
{"timestamp_start":"2025-08-24T20:36:56.556668+00:00","timestamp_end":"2025-08-24T20:36:56.636027+00:00","duration_ms":79.364,"func":"_get","module":"glpi_client","request_id":null,"ok":true}
{"timestamp_start":"2025-08-24T20:36:56.306925+00:00","timestamp_end":"2025-08-24T20:36:56.639541+00:00","duration_ms":332.625,"func":"init_session","module":"glpi_client","request_id":null,"ok":true}
{"timestamp_start":"2025-08-24T20:36:56.643478+00:00","timestamp_end":"2025-08-24T20:36:56.685107+00:00","duration_ms":41.633,"func":"_get","module":"glpi_client","request_id":null,"ok":true}
{"timestamp_start":"2025-08-24T20:36:56.643471+00:00","timestamp_end":"2025-08-24T20:36:56.688116+00:00","duration_ms":44.651,"func":"get_item","module":"glpi_client","request_id":null,"ok":true}
{"timestamp_start":"2025-08-24T20:36:56.691087+00:00","timestamp_end":"2025-08-24T20:36:56.731502+00:00","duration_ms":40.419,"func":"_get","module":"glpi_client","request_id":null,"ok":false,"error":"RuntimeError:HTTPError 403 em https://agilize.unimedvitoria.com.br/apirest.php/User/2158 | Resposta: [\"ERROR_RIGHT_MISSING\",\"Você não tem permissão para executar essa ação.\"]"}
{"timestamp_start":"2025-08-24T20:36:56.691076+00:00","timestamp_end":"2025-08-24T20:36:56.737320+00:00","duration_ms":46.25,"func":"get_item","module":"glpi_client","request_id":null,"ok":false,"error":"RuntimeError:HTTPError 403 em https://agilize.unimedvitoria.com.br/apirest.php/User/2158 | Resposta: [\"ERROR_RIGHT_MISSING\",\"Você não tem permissão para executar essa ação.\"]"}
{"timestamp_start":"2025-08-24T20:36:56.741115+00:00","timestamp_end":"2025-08-24T20:36:56.781472+00:00","duration_ms":40.362,"func":"_get","module":"glpi_client","request_id":null,"ok":false,"error":"RuntimeError:HTTPError 403 em https://agilize.unimedvitoria.com.br/apirest.php/User/6094 | Resposta: [\"ERROR_RIGHT_MISSING\",\"Você não tem permissão para executar essa ação.\"]"}
{"timestamp_start":"2025-08-24T20:36:56.741104+00:00","timestamp_end":"2025-08-24T20:36:56.784280+00:00","duration_ms":43.187,"func":"get_item","module":"glpi_client","request_id":null,"ok":false,"error":"RuntimeError:HTTPError 403 em https://agilize.unimedvitoria.com.br/apirest.php/User/6094 | Resposta: [\"ERROR_RIGHT_MISSING\",\"Você não tem permissão para executar essa ação.\"]"}
{"timestamp_start":"2025-08-24T20:36:56.786792+00:00","timestamp_end":"2025-08-24T20:36:56.826244+00:00","duration_ms":39.456,"func":"_get","module":"glpi_client","request_id":null,"ok":false,"error":"RuntimeError:HTTPError 403 em https://agilize.unimedvitoria.com.br/apirest.php/ITILCategory/106 | Resposta: [\"ERROR_RIGHT_MISSING\",\"Você não tem permissão para executar essa ação.\"]"}
{"timestamp_start":"2025-08-24T20:36:56.786779+00:00","timestamp_end":"2025-08-24T20:36:56.829313+00:00","duration_ms":42.541,"func":"get_item","module":"glpi_client","request_id":null,"ok":false,"error":"RuntimeError:HTTPError 403 em https://agilize.unimedvitoria.com.br/apirest.php/ITILCategory/106 | Resposta: [\"ERROR_RIGHT_MISSING\",\"Você não tem permissão para executar essa ação.\"]"}
{"timestamp_start":"2025-08-24T20:36:56.833224+00:00","timestamp_end":"2025-08-24T20:36:56.872334+00:00","duration_ms":39.114,"func":"_get","module":"glpi_client","request_id":null,"ok":true}
{"timestamp_start":"2025-08-24T20:36:56.833213+00:00","timestamp_end":"2025-08-24T20:36:56.878347+00:00","duration_ms":45.139,"func":"get_item","module":"glpi_client","request_id":null,"ok":true}
{"timestamp_start":"2025-08-24T20:36:56.881894+00:00","timestamp_end":"2025-08-24T20:36:56.921279+00:00","duration_ms":39.404,"func":"_get","module":"glpi_client","request_id":null,"ok":false,"error":"RuntimeError:HTTPError 403 em https://agilize.unimedvitoria.com.br/apirest.php/User/2822 | Resposta: [\"ERROR_RIGHT_MISSING\",\"Você não tem permissão para executar essa ação.\"]"}
{"timestamp_start":"2025-08-24T20:36:56.881878+00:00","timestamp_end":"2025-08-24T20:36:56.925201+00:00","duration_ms":43.33,"func":"get_item","module":"glpi_client","request_id":null,"ok":false,"error":"RuntimeError:HTTPError 403 em https://agilize.unimedvitoria.com.br/apirest.php/User/2822 | Resposta: [\"ERROR_RIGHT_MISSING\",\"Você não tem permissão para executar essa ação.\"]"}
{"timestamp_start":"2025-08-24T20:36:56.928513+00:00","timestamp_end":"2025-08-24T20:36:56.968035+00:00","duration_ms":39.526,"func":"_get","module":"glpi_client","request_id":null,"ok":false,"error":"RuntimeError:HTTPError 403 em https://agilize.unimedvitoria.com.br/apirest.php/User/4094 | Resposta: [\"ERROR_RIGHT_MISSING\",\"Você não tem permissão para executar essa ação.\"]"}
{"timestamp_start":"2025-08-24T20:36:56.928503+00:00","timestamp_end":"2025-08-24T20:36:56.972123+00:00","duration_ms":43.626,"func":"get_item","module":"glpi_client","request_id":null,"ok":false,"error":"RuntimeError:HTTPError 403 em https://agilize.unimedvitoria.com.br/apirest.php/User/4094 | Resposta: [\"ERROR_RIGHT_MISSING\",\"Você não tem permissão para executar essa ação.\"]"}
{"timestamp_start":"2025-08-24T20:36:56.975489+00:00","timestamp_end":"2025-08-24T20:36:57.017181+00:00","duration_ms":41.696,"func":"_get","module":"glpi_client","request_id":null,"ok":false,"error":"RuntimeError:HTTPError 403 em https://agilize.unimedvitoria.com.br/apirest.php/ITILCategory/113 | Resposta: [\"ERROR_RIGHT_MISSING\",\"Você não tem permissão para executar essa ação.\"]"}
{"timestamp_start":"2025-08-24T20:36:56.975479+00:00","timestamp_end":"2025-08-24T20:36:57.020823+00:00","duration_ms":45.349,"func":"get_item","module":"glpi_client","request_id":null,"ok":false,"error":"RuntimeError:HTTPError 403 em https://agilize.unimedvitoria.com.br/apirest.php/ITILCategory/113 | Resposta: [\"ERROR_RIGHT_MISSING\",\"Você não tem permissão para executar essa ação.\"]"}
{"timestamp_start":"2025-08-24T20:36:57.023989+00:00","timestamp_end":"2025-08-24T20:36:57.068371+00:00","duration_ms":44.386,"func":"_get","module":"glpi_client","request_id":null,"ok":true}
{"timestamp_start":"2025-08-24T20:36:57.023981+00:00","timestamp_end":"2025-08-24T20:36:57.072298+00:00","duration_ms":48.322,"func":"get_item","module":"glpi_client","request_id":null,"ok":true}
{"timestamp_start":"2025-08-24T20:36:57.074583+00:00","timestamp_end":"2025-08-24T20:36:57.112418+00:00","duration_ms":37.839,"func":"_get","module":"glpi_client","request_id":null,"ok":false,"error":"RuntimeError:HTTPError 403 em https://agilize.unimedvitoria.com.br/apirest.php/User/6028 | Resposta: [\"ERROR_RIGHT_MISSING\",\"Você não tem permissão para executar essa ação.\"]"}
{"timestamp_start":"2025-08-24T20:36:57.074573+00:00","timestamp_end":"2025-08-24T20:36:57.116144+00:00","duration_ms":41.578,"func":"get_item","module":"glpi_client","request_id":null,"ok":false,"error":"RuntimeError:HTTPError 403 em https://agilize.unimedvitoria.com.br/apirest.php/User/6028 | Resposta: [\"ERROR_RIGHT_MISSING\",\"Você não tem permissão para executar essa ação.\"]"}
{"timestamp_start":"2025-08-24T20:36:57.118336+00:00","timestamp_end":"2025-08-24T20:36:57.157209+00:00","duration_ms":38.881,"func":"_get","module":"glpi_client","request_id":null,"ok":false,"error":"RuntimeError:HTTPError 403 em https://agilize.unimedvitoria.com.br/apirest.php/User/66 | Resposta: [\"ERROR_RIGHT_MISSING\",\"Você não tem permissão para executar essa ação.\"]"}
{"timestamp_start":"2025-08-24T20:36:57.118326+00:00","timestamp_end":"2025-08-24T20:36:57.164348+00:00","duration_ms":46.031,"func":"get_item","module":"glpi_client","request_id":null,"ok":false,"error":"RuntimeError:HTTPError 403 em https://agilize.unimedvitoria.com.br/apirest.php/User/66 | Resposta: [\"ERROR_RIGHT_MISSING\",\"Você não tem permissão para executar essa ação.\"]"}
{"timestamp_start":"2025-08-24T20:36:57.167215+00:00","timestamp_end":"2025-08-24T20:36:57.205719+00:00","duration_ms":38.509,"func":"_get","module":"glpi_client","request_id":null,"ok":true}
{"timestamp_start":"2025-08-24T20:36:57.167204+00:00","timestamp_end":"2025-08-24T20:36:57.210465+00:00","duration_ms":43.27,"func":"get_item","module":"glpi_client","request_id":null,"ok":true}
{"timestamp_start":"2025-08-24T20:36:57.213808+00:00","timestamp_end":"2025-08-24T20:36:57.254186+00:00","duration_ms":40.382,"func":"_get","module":"glpi_client","request_id":null,"ok":false,"error":"RuntimeError:HTTPError 403 em https://agilize.unimedvitoria.com.br/apirest.php/User/6039 | Resposta: [\"ERROR_RIGHT_MISSING\",\"Você não tem permissão para executar essa ação.\"]"}
{"timestamp_start":"2025-08-24T20:36:57.213799+00:00","timestamp_end":"2025-08-24T20:36:57.257018+00:00","duration_ms":43.225,"func":"get_item","module":"glpi_client","request_id":null,"ok":false,"error":"RuntimeError:HTTPError 403 em https://agilize.unimedvitoria.com.br/apirest.php/User/6039 | Resposta: [\"ERROR_RIGHT_MISSING\",\"Você não tem permissão para executar essa ação.\"]"}
{"timestamp_start":"2025-08-24T20:36:57.262798+00:00","timestamp_end":"2025-08-24T20:36:57.302247+00:00","duration_ms":39.452,"func":"_get","module":"glpi_client","request_id":null,"ok":false,"error":"RuntimeError:HTTPError 403 em https://agilize.unimedvitoria.com.br/apirest.php/User/78 | Resposta: [\"ERROR_RIGHT_MISSING\",\"Você não tem permissão para executar essa ação.\"]"}
{"timestamp_start":"2025-08-24T20:36:57.262790+00:00","timestamp_end":"2025-08-24T20:36:57.305382+00:00","duration_ms":42.6,"func":"get_item","module":"glpi_client","request_id":null,"ok":false,"error":"RuntimeError:HTTPError 403 em https://agilize.unimedvitoria.com.br/apirest.php/User/78 | Resposta: [\"ERROR_RIGHT_MISSING\",\"Você não tem permissão para executar essa ação.\"]"}
{"timestamp_start":"2025-08-24T20:36:57.309365+00:00","timestamp_end":"2025-08-24T20:36:57.348664+00:00","duration_ms":39.304,"func":"_get","module":"glpi_client","request_id":null,"ok":false,"error":"RuntimeError:HTTPError 403 em https://agilize.unimedvitoria.com.br/apirest.php/ITILCategory/87 | Resposta: [\"ERROR_RIGHT_MISSING\",\"Você não tem permissão para executar essa ação.\"]"}
{"timestamp_start":"2025-08-24T20:36:57.309357+00:00","timestamp_end":"2025-08-24T20:36:57.351798+00:00","duration_ms":42.45,"func":"get_item","module":"glpi_client","request_id":null,"ok":false,"error":"RuntimeError:HTTPError 403 em https://agilize.unimedvitoria.com.br/apirest.php/ITILCategory/87 | Resposta: [\"ERROR_RIGHT_MISSING\",\"Você não tem permissão para executar essa ação.\"]"}
{"timestamp_start":"2025-08-24T20:36:57.355455+00:00","timestamp_end":"2025-08-24T20:36:57.395996+00:00","duration_ms":40.544,"func":"_get","module":"glpi_client","request_id":null,"ok":true}
{"timestamp_start":"2025-08-24T20:36:57.355446+00:00","timestamp_end":"2025-08-24T20:36:57.398851+00:00","duration_ms":43.414,"func":"get_item","module":"glpi_client","request_id":null,"ok":true}
{"timestamp_start":"2025-08-24T20:36:57.401195+00:00","timestamp_end":"2025-08-24T20:36:57.442362+00:00","duration_ms":41.172,"func":"_get","module":"glpi_client","request_id":null,"ok":false,"error":"RuntimeError:HTTPError 403 em https://agilize.unimedvitoria.com.br/apirest.php/User/3913 | Resposta: [\"ERROR_RIGHT_MISSING\",\"Você não tem permissão para executar essa ação.\"]"}
{"timestamp_start":"2025-08-24T20:36:57.401182+00:00","timestamp_end":"2025-08-24T20:36:57.445512+00:00","duration_ms":44.334,"func":"get_item","module":"glpi_client","request_id":null,"ok":false,"error":"RuntimeError:HTTPError 403 em https://agilize.unimedvitoria.com.br/apirest.php/User/3913 | Resposta: [\"ERROR_RIGHT_MISSING\",\"Você não tem permissão para executar essa ação.\"]"}
{"timestamp_start":"2025-08-24T20:36:57.449720+00:00","timestamp_end":"2025-08-24T20:36:57.490021+00:00","duration_ms":40.304,"func":"_get","module":"glpi_client","request_id":null,"ok":false,"error":"RuntimeError:HTTPError 403 em https://agilize.unimedvitoria.com.br/apirest.php/User/80 | Resposta: [\"ERROR_RIGHT_MISSING\",\"Você não tem permissão para executar essa ação.\"]"}
{"timestamp_start":"2025-08-24T20:36:57.449707+00:00","timestamp_end":"2025-08-24T20:36:57.493344+00:00","duration_ms":43.645,"func":"get_item","module":"glpi_client","request_id":null,"ok":false,"error":"RuntimeError:HTTPError 403 em https://agilize.unimedvitoria.com.br/apirest.php/User/80 | Resposta: [\"ERROR_RIGHT_MISSING\",\"Você não tem permissão para executar essa ação.\"]"}
{"timestamp_start":"2025-08-24T20:36:57.497151+00:00","timestamp_end":"2025-08-24T20:36:57.536158+00:00","duration_ms":39.012,"func":"_get","module":"glpi_client","request_id":null,"ok":true}
{"timestamp_start":"2025-08-24T20:36:57.497144+00:00","timestamp_end":"2025-08-24T20:36:57.539785+00:00","duration_ms":42.645,"func":"get_item","module":"glpi_client","request_id":null,"ok":true}
{"timestamp_start":"2025-08-24T20:36:57.542884+00:00","timestamp_end":"2025-08-24T20:36:57.586665+00:00","duration_ms":43.786,"func":"_get","module":"glpi_client","request_id":null,"ok":false,"error":"RuntimeError:HTTPError 403 em https://agilize.unimedvitoria.com.br/apirest.php/User/5828 | Resposta: [\"ERROR_RIGHT_MISSING\",\"Você não tem permissão para executar essa ação.\"]"}
{"timestamp_start":"2025-08-24T20:36:57.542875+00:00","timestamp_end":"2025-08-24T20:36:57.589700+00:00","duration_ms":46.829,"func":"get_item","module":"glpi_client","request_id":null,"ok":false,"error":"RuntimeError:HTTPError 403 em https://agilize.unimedvitoria.com.br/apirest.php/User/5828 | Resposta: [\"ERROR_RIGHT_MISSING\",\"Você não tem permissão para executar essa ação.\"]"}
{"timestamp_start":"2025-08-24T20:36:57.592988+00:00","timestamp_end":"2025-08-24T20:36:57.630694+00:00","duration_ms":37.71,"func":"_get","module":"glpi_client","request_id":null,"ok":false,"error":"RuntimeError:HTTPError 403 em https://agilize.unimedvitoria.com.br/apirest.php/User/5402 | Resposta: [\"ERROR_RIGHT_MISSING\",\"Você não tem permissão para executar essa ação.\"]"}
{"timestamp_start":"2025-08-24T20:36:57.592981+00:00","timestamp_end":"2025-08-24T20:36:57.633389+00:00","duration_ms":40.415,"func":"get_item","module":"glpi_client","request_id":null,"ok":false,"error":"RuntimeError:HTTPError 403 em https://agilize.unimedvitoria.com.br/apirest.php/User/5402 | Resposta: [\"ERROR_RIGHT_MISSING\",\"Você não tem permissão para executar essa ação.\"]"}
{"timestamp_start":"2025-08-24T20:36:57.635730+00:00","timestamp_end":"2025-08-24T20:36:57.673204+00:00","duration_ms":37.478,"func":"_get","module":"glpi_client","request_id":null,"ok":false,"error":"RuntimeError:HTTPError 403 em https://agilize.unimedvitoria.com.br/apirest.php/ITILCategory/92 | Resposta: [\"ERROR_RIGHT_MISSING\",\"Você não tem permissão para executar essa ação.\"]"}
{"timestamp_start":"2025-08-24T20:36:57.635721+00:00","timestamp_end":"2025-08-24T20:36:57.676778+00:00","duration_ms":41.064,"func":"get_item","module":"glpi_client","request_id":null,"ok":false,"error":"RuntimeError:HTTPError 403 em https://agilize.unimedvitoria.com.br/apirest.php/ITILCategory/92 | Resposta: [\"ERROR_RIGHT_MISSING\",\"Você não tem permissão para executar essa ação.\"]"}
{"timestamp_start":"2025-08-24T20:36:57.680334+00:00","timestamp_end":"2025-08-24T20:36:57.730716+00:00","duration_ms":50.387,"func":"_get","module":"glpi_client","request_id":null,"ok":true}
{"timestamp_start":"2025-08-24T20:36:57.680327+00:00","timestamp_end":"2025-08-24T20:36:57.733538+00:00","duration_ms":53.217,"func":"get_item","module":"glpi_client","request_id":null,"ok":true}
{"timestamp_start":"2025-08-24T20:36:57.737263+00:00","timestamp_end":"2025-08-24T20:36:57.789016+00:00","duration_ms":51.758,"func":"_get","module":"glpi_client","request_id":null,"ok":true}
{"timestamp_start":"2025-08-24T20:36:57.737256+00:00","timestamp_end":"2025-08-24T20:36:57.793638+00:00","duration_ms":56.391,"func":"get_item","module":"glpi_client","request_id":null,"ok":true}
{"timestamp_start":"2025-08-24T20:36:57.796592+00:00","timestamp_end":"2025-08-24T20:36:57.835511+00:00","duration_ms":38.922,"func":"_get","module":"glpi_client","request_id":null,"ok":false,"error":"RuntimeError:HTTPError 403 em https://agilize.unimedvitoria.com.br/apirest.php/User/6334 | Resposta: [\"ERROR_RIGHT_MISSING\",\"Você não tem permissão para executar essa ação.\"]"}
{"timestamp_start":"2025-08-24T20:36:57.796582+00:00","timestamp_end":"2025-08-24T20:36:57.838792+00:00","duration_ms":42.214,"func":"get_item","module":"glpi_client","request_id":null,"ok":false,"error":"RuntimeError:HTTPError 403 em https://agilize.unimedvitoria.com.br/apirest.php/User/6334 | Resposta: [\"ERROR_RIGHT_MISSING\",\"Você não tem permissão para executar essa ação.\"]"}
{"timestamp_start":"2025-08-24T20:36:57.842162+00:00","timestamp_end":"2025-08-24T20:36:57.881402+00:00","duration_ms":39.244,"func":"_get","module":"glpi_client","request_id":null,"ok":true}
{"timestamp_start":"2025-08-24T20:36:57.842155+00:00","timestamp_end":"2025-08-24T20:36:57.887237+00:00","duration_ms":45.089,"func":"get_item","module":"glpi_client","request_id":null,"ok":true}
{"timestamp_start":"2025-08-24T20:36:57.891989+00:00","timestamp_end":"2025-08-24T20:36:57.934108+00:00","duration_ms":42.124,"func":"_get","module":"glpi_client","request_id":null,"ok":false,"error":"RuntimeError:HTTPError 403 em https://agilize.unimedvitoria.com.br/apirest.php/User/6274 | Resposta: [\"ERROR_RIGHT_MISSING\",\"Você não tem permissão para executar essa ação.\"]"}
{"timestamp_start":"2025-08-24T20:36:57.891978+00:00","timestamp_end":"2025-08-24T20:36:57.936750+00:00","duration_ms":44.778,"func":"get_item","module":"glpi_client","request_id":null,"ok":false,"error":"RuntimeError:HTTPError 403 em https://agilize.unimedvitoria.com.br/apirest.php/User/6274 | Resposta: [\"ERROR_RIGHT_MISSING\",\"Você não tem permissão para executar essa ação.\"]"}
{"timestamp_start":"2025-08-24T20:36:57.940070+00:00","timestamp_end":"2025-08-24T20:36:57.989729+00:00","duration_ms":49.663,"func":"_get","module":"glpi_client","request_id":null,"ok":false,"error":"RuntimeError:HTTPError 403 em https://agilize.unimedvitoria.com.br/apirest.php/User/77 | Resposta: [\"ERROR_RIGHT_MISSING\",\"Você não tem permissão para executar essa ação.\"]"}
{"timestamp_start":"2025-08-24T20:36:57.940060+00:00","timestamp_end":"2025-08-24T20:36:57.994497+00:00","duration_ms":54.444,"func":"get_item","module":"glpi_client","request_id":null,"ok":false,"error":"RuntimeError:HTTPError 403 em https://agilize.unimedvitoria.com.br/apirest.php/User/77 | Resposta: [\"ERROR_RIGHT_MISSING\",\"Você não tem permissão para executar essa ação.\"]"}
{"timestamp_start":"2025-08-24T20:36:57.999115+00:00","timestamp_end":"2025-08-24T20:36:58.037970+00:00","duration_ms":38.859,"func":"_get","module":"glpi_client","request_id":null,"ok":false,"error":"RuntimeError:HTTPError 403 em https://agilize.unimedvitoria.com.br/apirest.php/ITILCategory/150 | Resposta: [\"ERROR_RIGHT_MISSING\",\"Você não tem permissão para executar essa ação.\"]"}
{"timestamp_start":"2025-08-24T20:36:57.999101+00:00","timestamp_end":"2025-08-24T20:36:58.043276+00:00","duration_ms":44.184,"func":"get_item","module":"glpi_client","request_id":null,"ok":false,"error":"RuntimeError:HTTPError 403 em https://agilize.unimedvitoria.com.br/apirest.php/ITILCategory/150 | Resposta: [\"ERROR_RIGHT_MISSING\",\"Você não tem permissão para executar essa ação.\"]"}
{"timestamp_start":"2025-08-24T20:36:58.046039+00:00","timestamp_end":"2025-08-24T20:36:58.085953+00:00","duration_ms":39.918,"func":"_get","module":"glpi_client","request_id":null,"ok":true}
{"timestamp_start":"2025-08-24T20:36:58.046033+00:00","timestamp_end":"2025-08-24T20:36:58.091557+00:00","duration_ms":45.53,"func":"get_item","module":"glpi_client","request_id":null,"ok":true}
{"timestamp_start":"2025-08-24T20:36:58.094640+00:00","timestamp_end":"2025-08-24T20:36:58.134617+00:00","duration_ms":39.981,"func":"_get","module":"glpi_client","request_id":null,"ok":false,"error":"RuntimeError:HTTPError 403 em https://agilize.unimedvitoria.com.br/apirest.php/User/32 | Resposta: [\"ERROR_RIGHT_MISSING\",\"Você não tem permissão para executar essa ação.\"]"}
{"timestamp_start":"2025-08-24T20:36:58.094633+00:00","timestamp_end":"2025-08-24T20:36:58.137596+00:00","duration_ms":42.969,"func":"get_item","module":"glpi_client","request_id":null,"ok":false,"error":"RuntimeError:HTTPError 403 em https://agilize.unimedvitoria.com.br/apirest.php/User/32 | Resposta: [\"ERROR_RIGHT_MISSING\",\"Você não tem permissão para executar essa ação.\"]"}
{"timestamp_start":"2025-08-24T20:36:58.145210+00:00","timestamp_end":"2025-08-24T20:36:58.187446+00:00","duration_ms":42.239,"func":"_get","module":"glpi_client","request_id":null,"ok":true}
{"timestamp_start":"2025-08-24T20:36:58.145202+00:00","timestamp_end":"2025-08-24T20:36:58.191846+00:00","duration_ms":46.649,"func":"get_item","module":"glpi_client","request_id":null,"ok":true}
{"timestamp_start":"2025-08-24T20:36:58.194745+00:00","timestamp_end":"2025-08-24T20:36:58.239112+00:00","duration_ms":44.37,"func":"_get","module":"glpi_client","request_id":null,"ok":false,"error":"RuntimeError:HTTPError 403 em https://agilize.unimedvitoria.com.br/apirest.php/User/5193 | Resposta: [\"ERROR_RIGHT_MISSING\",\"Você não tem permissão para executar essa ação.\"]"}
{"timestamp_start":"2025-08-24T20:36:58.194734+00:00","timestamp_end":"2025-08-24T20:36:58.243314+00:00","duration_ms":48.585,"func":"get_item","module":"glpi_client","request_id":null,"ok":false,"error":"RuntimeError:HTTPError 403 em https://agilize.unimedvitoria.com.br/apirest.php/User/5193 | Resposta: [\"ERROR_RIGHT_MISSING\",\"Você não tem permissão para executar essa ação.\"]"}
{"timestamp_start":"2025-08-24T20:36:58.244624+00:00","timestamp_end":"2025-08-24T20:36:58.286703+00:00","duration_ms":42.083,"func":"_get","module":"glpi_client","request_id":null,"ok":false,"error":"RuntimeError:HTTPError 403 em https://agilize.unimedvitoria.com.br/apirest.php/ITILCategory/153 | Resposta: [\"ERROR_RIGHT_MISSING\",\"Você não tem permissão para executar essa ação.\"]"}
{"timestamp_start":"2025-08-24T20:36:58.244619+00:00","timestamp_end":"2025-08-24T20:36:58.292999+00:00","duration_ms":48.386,"func":"get_item","module":"glpi_client","request_id":null,"ok":false,"error":"RuntimeError:HTTPError 403 em https://agilize.unimedvitoria.com.br/apirest.php/ITILCategory/153 | Resposta: [\"ERROR_RIGHT_MISSING\",\"Você não tem permissão para executar essa ação.\"]"}
{"timestamp_start":"2025-08-24T20:36:58.299981+00:00","timestamp_end":"2025-08-24T20:36:58.342641+00:00","duration_ms":42.663,"func":"_get","module":"glpi_client","request_id":null,"ok":true}
{"timestamp_start":"2025-08-24T20:36:58.299971+00:00","timestamp_end":"2025-08-24T20:36:58.347196+00:00","duration_ms":47.232,"func":"get_item","module":"glpi_client","request_id":null,"ok":true}
{"timestamp_start":"2025-08-24T20:36:58.350410+00:00","timestamp_end":"2025-08-24T20:36:58.389933+00:00","duration_ms":39.527,"func":"_get","module":"glpi_client","request_id":null,"ok":false,"error":"RuntimeError:HTTPError 403 em https://agilize.unimedvitoria.com.br/apirest.php/User/5841 | Resposta: [\"ERROR_RIGHT_MISSING\",\"Você não tem permissão para executar essa ação.\"]"}
{"timestamp_start":"2025-08-24T20:36:58.350398+00:00","timestamp_end":"2025-08-24T20:36:58.400986+00:00","duration_ms":50.597,"func":"get_item","module":"glpi_client","request_id":null,"ok":false,"error":"RuntimeError:HTTPError 403 em https://agilize.unimedvitoria.com.br/apirest.php/User/5841 | Resposta: [\"ERROR_RIGHT_MISSING\",\"Você não tem permissão para executar essa ação.\"]"}
{"timestamp_start":"2025-08-24T20:36:58.405039+00:00","timestamp_end":"2025-08-24T20:36:58.453994+00:00","duration_ms":48.959,"func":"_get","module":"glpi_client","request_id":null,"ok":true}
{"timestamp_start":"2025-08-24T20:36:58.405031+00:00","timestamp_end":"2025-08-24T20:36:58.460031+00:00","duration_ms":55.006,"func":"get_item","module":"glpi_client","request_id":null,"ok":true}
{"timestamp_start":"2025-08-24T20:36:58.463950+00:00","timestamp_end":"2025-08-24T20:36:58.502911+00:00","duration_ms":38.965,"func":"_get","module":"glpi_client","request_id":null,"ok":false,"error":"RuntimeError:HTTPError 403 em https://agilize.unimedvitoria.com.br/apirest.php/ITILCategory/152 | Resposta: [\"ERROR_RIGHT_MISSING\",\"Você não tem permissão para executar essa ação.\"]"}
{"timestamp_start":"2025-08-24T20:36:58.463940+00:00","timestamp_end":"2025-08-24T20:36:58.511720+00:00","duration_ms":47.785,"func":"get_item","module":"glpi_client","request_id":null,"ok":false,"error":"RuntimeError:HTTPError 403 em https://agilize.unimedvitoria.com.br/apirest.php/ITILCategory/152 | Resposta: [\"ERROR_RIGHT_MISSING\",\"Você não tem permissão para executar essa ação.\"]"}
{"timestamp_start":"2025-08-24T20:36:58.517136+00:00","timestamp_end":"2025-08-24T20:36:58.561961+00:00","duration_ms":44.828,"func":"_get","module":"glpi_client","request_id":null,"ok":true}
{"timestamp_start":"2025-08-24T20:36:58.517123+00:00","timestamp_end":"2025-08-24T20:36:58.568605+00:00","duration_ms":51.491,"func":"get_item","module":"glpi_client","request_id":null,"ok":true}
{"timestamp_start":"2025-08-24T20:36:58.573120+00:00","timestamp_end":"2025-08-24T20:36:58.614741+00:00","duration_ms":41.625,"func":"_get","module":"glpi_client","request_id":null,"ok":false,"error":"RuntimeError:HTTPError 403 em https://agilize.unimedvitoria.com.br/apirest.php/ITILCategory/154 | Resposta: [\"ERROR_RIGHT_MISSING\",\"Você não tem permissão para executar essa ação.\"]"}
{"timestamp_start":"2025-08-24T20:36:58.573109+00:00","timestamp_end":"2025-08-24T20:36:58.620008+00:00","duration_ms":46.909,"func":"get_item","module":"glpi_client","request_id":null,"ok":false,"error":"RuntimeError:HTTPError 403 em https://agilize.unimedvitoria.com.br/apirest.php/ITILCategory/154 | Resposta: [\"ERROR_RIGHT_MISSING\",\"Você não tem permissão para executar essa ação.\"]"}
{"timestamp_start":"2025-08-24T20:36:58.625679+00:00","timestamp_end":"2025-08-24T20:36:58.671746+00:00","duration_ms":46.071,"func":"_get","module":"glpi_client","request_id":null,"ok":true}
{"timestamp_start":"2025-08-24T20:36:58.625670+00:00","timestamp_end":"2025-08-24T20:36:58.679805+00:00","duration_ms":54.142,"func":"get_item","module":"glpi_client","request_id":null,"ok":true}
{"timestamp_start":"2025-08-24T20:36:58.684809+00:00","timestamp_end":"2025-08-24T20:36:58.723894+00:00","duration_ms":39.089,"func":"_get","module":"glpi_client","request_id":null,"ok":true}
{"timestamp_start":"2025-08-24T20:36:58.684799+00:00","timestamp_end":"2025-08-24T20:36:58.729821+00:00","duration_ms":45.033,"func":"kill_session","module":"glpi_client","request_id":null,"ok":true}
{"timestamp_start":"2025-08-24T20:48:38.085410+00:00","timestamp_end":"2025-08-24T20:48:38.126905+00:00","duration_ms":41.5,"func":"_get","module":"glpi_client","request_id":null,"ok":true}
{"timestamp_start":"2025-08-24T20:48:37.801588+00:00","timestamp_end":"2025-08-24T20:48:38.132890+00:00","duration_ms":331.309,"func":"init_session","module":"glpi_client","request_id":null,"ok":true}
{"timestamp_start":"2025-08-24T20:48:38.136442+00:00","timestamp_end":"2025-08-24T20:48:38.196937+00:00","duration_ms":60.501,"func":"_get","module":"glpi_client","request_id":null,"ok":true}
{"timestamp_start":"2025-08-24T20:48:38.136435+00:00","timestamp_end":"2025-08-24T20:48:38.200749+00:00","duration_ms":64.326,"func":"list_search_options","module":"glpi_client","request_id":null,"ok":true}
{"timestamp_start":"2025-08-24T20:48:38.204333+00:00","timestamp_end":"2025-08-24T20:48:38.244057+00:00","duration_ms":39.73,"func":"try_get_group_name","module":"glpi_client","request_id":null,"ok":true}
{"timestamp_start":"2025-08-24T20:48:38.247159+00:00","timestamp_end":"2025-08-24T20:48:38.409662+00:00","duration_ms":162.507,"func":"_get","module":"glpi_client","request_id":null,"ok":true}
{"timestamp_start":"2025-08-24T20:48:38.247150+00:00","timestamp_end":"2025-08-24T20:48:38.413196+00:00","duration_ms":166.053,"func":"raw_search","module":"glpi_client","request_id":null,"ok":true}
{"timestamp_start":"2025-08-24T20:48:38.136418+00:00","timestamp_end":"2025-08-24T20:48:38.569700+00:00","duration_ms":433.291,"func":"bulk_search_observer_tickets","module":"data_access","request_id":null,"ok":true}
{"timestamp_start":"2025-08-24T20:48:38.573019+00:00","timestamp_end":"2025-08-24T20:48:38.575776+00:00","duration_ms":2.761,"func":"normalize_ticket_df","module":"metrics","request_id":null,"ok":true}
{"timestamp_start":"2025-08-24T20:48:38.579892+00:00","timestamp_end":"2025-08-24T20:48:38.620786+00:00","duration_ms":40.898,"func":"_get","module":"glpi_client","request_id":null,"ok":true}
{"timestamp_start":"2025-08-24T20:48:38.579883+00:00","timestamp_end":"2025-08-24T20:48:38.624379+00:00","duration_ms":44.504,"func":"kill_session","module":"glpi_client","request_id":null,"ok":true}
{"timestamp_start":"2025-08-24T20:48:38.628855+00:00","timestamp_end":"2025-08-24T20:48:38.753858+00:00","duration_ms":125.009,"func":"created_resolved","module":"metrics","request_id":null,"ok":true}
{"timestamp_start":"2025-08-24T20:48:38.757072+00:00","timestamp_end":"2025-08-24T20:48:38.771132+00:00","duration_ms":14.068,"func":"backlog_trend_series","module":"metrics","request_id":null,"ok":true}
{"timestamp_start":"2025-08-24T20:48:38.773891+00:00","timestamp_end":"2025-08-24T20:48:38.790576+00:00","duration_ms":16.692,"func":"backlog_status","module":"metrics","request_id":null,"ok":true}
{"timestamp_start":"2025-08-24T20:48:38.793736+00:00","timestamp_end":"2025-08-24T20:48:38.817350+00:00","duration_ms":23.622,"func":"sla_solution","module":"metrics","request_id":null,"ok":true}
{"timestamp_start":"2025-08-24T20:48:38.820476+00:00","timestamp_end":"2025-08-24T20:48:38.863826+00:00","duration_ms":43.358,"func":"aging_buckets","module":"metrics","request_id":null,"ok":true}
{"timestamp_start":"2025-08-24T20:48:38.866776+00:00","timestamp_end":"2025-08-24T20:48:38.875885+00:00","duration_ms":9.117,"func":"composition","module":"metrics","request_id":null,"ok":true}
{"timestamp_start":"2025-08-24T20:48:38.879920+00:00","timestamp_end":"2025-08-24T20:48:38.880698+00:00","duration_ms":0.781,"func":"load_by_assignee","module":"metrics","request_id":null,"ok":true}
{"timestamp_start":"2025-08-24T20:48:38.885513+00:00","timestamp_end":"2025-08-24T20:48:38.885902+00:00","duration_ms":0.392,"func":"business_hours_between","module":"metrics","request_id":null,"ok":true}
{"timestamp_start":"2025-08-24T20:48:38.889549+00:00","timestamp_end":"2025-08-24T20:48:38.889598+00:00","duration_ms":0.05,"func":"business_hours_between","module":"metrics","request_id":null,"ok":true}
{"timestamp_start":"2025-08-24T20:48:38.892651+00:00","timestamp_end":"2025-08-24T20:48:38.892711+00:00","duration_ms":0.061,"func":"business_hours_between","module":"metrics","request_id":null,"ok":true}
{"timestamp_start":"2025-08-24T20:48:38.895732+00:00","timestamp_end":"2025-08-24T20:48:38.895792+00:00","duration_ms":0.062,"func":"business_hours_between","module":"metrics","request_id":null,"ok":true}
{"timestamp_start":"2025-08-24T20:48:38.897829+00:00","timestamp_end":"2025-08-24T20:48:38.897897+00:00","duration_ms":0.07,"func":"business_hours_between","module":"metrics","request_id":null,"ok":true}
{"timestamp_start":"2025-08-24T20:48:38.902216+00:00","timestamp_end":"2025-08-24T20:48:38.902292+00:00","duration_ms":0.079,"func":"business_hours_between","module":"metrics","request_id":null,"ok":true}
{"timestamp_start":"2025-08-24T20:48:38.905641+00:00","timestamp_end":"2025-08-24T20:48:38.905717+00:00","duration_ms":0.078,"func":"business_hours_between","module":"metrics","request_id":null,"ok":true}
{"timestamp_start":"2025-08-24T20:48:38.910115+00:00","timestamp_end":"2025-08-24T20:48:38.910209+00:00","duration_ms":0.098,"func":"business_hours_between","module":"metrics","request_id":null,"ok":true}
{"timestamp_start":"2025-08-24T20:48:38.913339+00:00","timestamp_end":"2025-08-24T20:48:38.913431+00:00","duration_ms":0.096,"func":"business_hours_between","module":"metrics","request_id":null,"ok":true}
{"timestamp_start":"2025-08-24T20:48:38.917015+00:00","timestamp_end":"2025-08-24T20:48:38.917097+00:00","duration_ms":0.086,"func":"business_hours_between","module":"metrics","request_id":null,"ok":true}
{"timestamp_start":"2025-08-24T20:48:38.920201+00:00","timestamp_end":"2025-08-24T20:48:38.920263+00:00","duration_ms":0.064,"func":"business_hours_between","module":"metrics","request_id":null,"ok":true}
{"timestamp_start":"2025-08-24T20:48:38.922863+00:00","timestamp_end":"2025-08-24T20:48:38.922925+00:00","duration_ms":0.064,"func":"business_hours_between","module":"metrics","request_id":null,"ok":true}
{"timestamp_start":"2025-08-24T20:48:38.925688+00:00","timestamp_end":"2025-08-24T20:48:38.925837+00:00","duration_ms":0.152,"func":"business_hours_between","module":"metrics","request_id":null,"ok":true}
{"timestamp_start":"2025-08-24T20:48:38.928994+00:00","timestamp_end":"2025-08-24T20:48:38.929181+00:00","duration_ms":0.191,"func":"business_hours_between","module":"metrics","request_id":null,"ok":true}
{"timestamp_start":"2025-08-24T20:48:38.932559+00:00","timestamp_end":"2025-08-24T20:48:38.932922+00:00","duration_ms":0.37,"func":"business_hours_between","module":"metrics","request_id":null,"ok":true}
{"timestamp_start":"2025-08-24T20:48:38.936025+00:00","timestamp_end":"2025-08-24T20:48:38.936187+00:00","duration_ms":0.166,"func":"business_hours_between","module":"metrics","request_id":null,"ok":true}
{"timestamp_start":"2025-08-24T20:48:38.939182+00:00","timestamp_end":"2025-08-24T20:48:38.939259+00:00","duration_ms":0.08,"func":"business_hours_between","module":"metrics","request_id":null,"ok":true}
{"timestamp_start":"2025-08-24T20:48:38.942352+00:00","timestamp_end":"2025-08-24T20:48:38.942432+00:00","duration_ms":0.082,"func":"business_hours_between","module":"metrics","request_id":null,"ok":true}
{"timestamp_start":"2025-08-24T20:48:38.947194+00:00","timestamp_end":"2025-08-24T20:48:38.947299+00:00","duration_ms":0.109,"func":"business_hours_between","module":"metrics","request_id":null,"ok":true}
{"timestamp_start":"2025-08-24T20:48:38.949810+00:00","timestamp_end":"2025-08-24T20:48:38.949900+00:00","duration_ms":0.092,"func":"business_hours_between","module":"metrics","request_id":null,"ok":true}
{"timestamp_start":"2025-08-24T20:48:38.953126+00:00","timestamp_end":"2025-08-24T20:48:38.953248+00:00","duration_ms":0.125,"func":"business_hours_between","module":"metrics","request_id":null,"ok":true}
{"timestamp_start":"2025-08-24T20:48:38.956074+00:00","timestamp_end":"2025-08-24T20:48:38.956143+00:00","duration_ms":0.072,"func":"business_hours_between","module":"metrics","request_id":null,"ok":true}
{"timestamp_start":"2025-08-24T20:48:38.958857+00:00","timestamp_end":"2025-08-24T20:48:38.958910+00:00","duration_ms":0.055,"func":"business_hours_between","module":"metrics","request_id":null,"ok":true}
{"timestamp_start":"2025-08-24T20:48:38.962272+00:00","timestamp_end":"2025-08-24T20:48:38.962445+00:00","duration_ms":0.177,"func":"business_hours_between","module":"metrics","request_id":null,"ok":true}
{"timestamp_start":"2025-08-24T20:48:38.965781+00:00","timestamp_end":"2025-08-24T20:48:38.965971+00:00","duration_ms":0.195,"func":"business_hours_between","module":"metrics","request_id":null,"ok":true}
{"timestamp_start":"2025-08-24T20:48:38.968810+00:00","timestamp_end":"2025-08-24T20:48:38.968966+00:00","duration_ms":0.16,"func":"business_hours_between","module":"metrics","request_id":null,"ok":true}
{"timestamp_start":"2025-08-24T20:48:38.972104+00:00","timestamp_end":"2025-08-24T20:48:38.972186+00:00","duration_ms":0.085,"func":"business_hours_between","module":"metrics","request_id":null,"ok":true}
{"timestamp_start":"2025-08-24T20:48:38.975543+00:00","timestamp_end":"2025-08-24T20:48:38.975613+00:00","duration_ms":0.071,"func":"business_hours_between","module":"metrics","request_id":null,"ok":true}
{"timestamp_start":"2025-08-24T20:48:38.979224+00:00","timestamp_end":"2025-08-24T20:48:38.979367+00:00","duration_ms":0.148,"func":"business_hours_between","module":"metrics","request_id":null,"ok":true}
{"timestamp_start":"2025-08-24T20:48:38.982617+00:00","timestamp_end":"2025-08-24T20:48:38.982791+00:00","duration_ms":0.178,"func":"business_hours_between","module":"metrics","request_id":null,"ok":true}
{"timestamp_start":"2025-08-24T20:48:38.986194+00:00","timestamp_end":"2025-08-24T20:48:38.986397+00:00","duration_ms":0.207,"func":"business_hours_between","module":"metrics","request_id":null,"ok":true}
{"timestamp_start":"2025-08-24T20:48:38.989075+00:00","timestamp_end":"2025-08-24T20:48:38.989165+00:00","duration_ms":0.092,"func":"business_hours_between","module":"metrics","request_id":null,"ok":true}
{"timestamp_start":"2025-08-24T20:48:38.991744+00:00","timestamp_end":"2025-08-24T20:48:38.992087+00:00","duration_ms":0.346,"func":"business_hours_between","module":"metrics","request_id":null,"ok":true}
{"timestamp_start":"2025-08-24T20:48:38.995511+00:00","timestamp_end":"2025-08-24T20:48:38.995573+00:00","duration_ms":0.064,"func":"business_hours_between","module":"metrics","request_id":null,"ok":true}
{"timestamp_start":"2025-08-24T20:48:38.999388+00:00","timestamp_end":"2025-08-24T20:48:38.999589+00:00","duration_ms":0.206,"func":"business_hours_between","module":"metrics","request_id":null,"ok":true}
{"timestamp_start":"2025-08-24T20:48:39.002774+00:00","timestamp_end":"2025-08-24T20:48:39.002967+00:00","duration_ms":0.195,"func":"business_hours_between","module":"metrics","request_id":null,"ok":true}
{"timestamp_start":"2025-08-24T20:48:39.006070+00:00","timestamp_end":"2025-08-24T20:48:39.006211+00:00","duration_ms":0.144,"func":"business_hours_between","module":"metrics","request_id":null,"ok":true}
{"timestamp_start":"2025-08-24T20:48:39.009136+00:00","timestamp_end":"2025-08-24T20:48:39.009254+00:00","duration_ms":0.122,"func":"business_hours_between","module":"metrics","request_id":null,"ok":true}
{"timestamp_start":"2025-08-24T20:48:39.011641+00:00","timestamp_end":"2025-08-24T20:48:39.011727+00:00","duration_ms":0.089,"func":"business_hours_between","module":"metrics","request_id":null,"ok":true}
{"timestamp_start":"2025-08-24T20:48:39.014430+00:00","timestamp_end":"2025-08-24T20:48:39.014492+00:00","duration_ms":0.063,"func":"business_hours_between","module":"metrics","request_id":null,"ok":true}
{"timestamp_start":"2025-08-24T20:48:39.017635+00:00","timestamp_end":"2025-08-24T20:48:39.017738+00:00","duration_ms":0.107,"func":"business_hours_between","module":"metrics","request_id":null,"ok":true}
{"timestamp_start":"2025-08-24T20:48:39.020134+00:00","timestamp_end":"2025-08-24T20:48:39.020243+00:00","duration_ms":0.113,"func":"business_hours_between","module":"metrics","request_id":null,"ok":true}
{"timestamp_start":"2025-08-24T20:48:39.023018+00:00","timestamp_end":"2025-08-24T20:48:39.023123+00:00","duration_ms":0.109,"func":"business_hours_between","module":"metrics","request_id":null,"ok":true}
{"timestamp_start":"2025-08-24T20:48:39.026113+00:00","timestamp_end":"2025-08-24T20:48:39.026274+00:00","duration_ms":0.164,"func":"business_hours_between","module":"metrics","request_id":null,"ok":true}
{"timestamp_start":"2025-08-24T20:48:39.029031+00:00","timestamp_end":"2025-08-24T20:48:39.029127+00:00","duration_ms":0.098,"func":"business_hours_between","module":"metrics","request_id":null,"ok":true}
{"timestamp_start":"2025-08-24T20:48:39.032419+00:00","timestamp_end":"2025-08-24T20:48:39.032617+00:00","duration_ms":0.204,"func":"business_hours_between","module":"metrics","request_id":null,"ok":true}
{"timestamp_start":"2025-08-24T20:48:39.034988+00:00","timestamp_end":"2025-08-24T20:48:39.035178+00:00","duration_ms":0.197,"func":"business_hours_between","module":"metrics","request_id":null,"ok":true}
{"timestamp_start":"2025-08-24T20:48:39.038910+00:00","timestamp_end":"2025-08-24T20:48:39.039043+00:00","duration_ms":0.137,"func":"business_hours_between","module":"metrics","request_id":null,"ok":true}
{"timestamp_start":"2025-08-24T20:48:39.042621+00:00","timestamp_end":"2025-08-24T20:48:39.042781+00:00","duration_ms":0.165,"func":"business_hours_between","module":"metrics","request_id":null,"ok":true}
{"timestamp_start":"2025-08-24T20:48:39.046179+00:00","timestamp_end":"2025-08-24T20:48:39.046267+00:00","duration_ms":0.091,"func":"business_hours_between","module":"metrics","request_id":null,"ok":true}
{"timestamp_start":"2025-08-24T20:48:39.049553+00:00","timestamp_end":"2025-08-24T20:48:39.049766+00:00","duration_ms":0.217,"func":"business_hours_between","module":"metrics","request_id":null,"ok":true}
{"timestamp_start":"2025-08-24T20:48:39.053504+00:00","timestamp_end":"2025-08-24T20:48:39.053775+00:00","duration_ms":0.273,"func":"business_hours_between","module":"metrics","request_id":null,"ok":true}
{"timestamp_start":"2025-08-24T20:48:39.057989+00:00","timestamp_end":"2025-08-24T20:48:39.058074+00:00","duration_ms":0.087,"func":"business_hours_between","module":"metrics","request_id":null,"ok":true}
{"timestamp_start":"2025-08-24T20:48:39.061557+00:00","timestamp_end":"2025-08-24T20:48:39.061740+00:00","duration_ms":0.186,"func":"business_hours_between","module":"metrics","request_id":null,"ok":true}
{"timestamp_start":"2025-08-24T20:48:39.066000+00:00","timestamp_end":"2025-08-24T20:48:39.066150+00:00","duration_ms":0.155,"func":"business_hours_between","module":"metrics","request_id":null,"ok":true}
{"timestamp_start":"2025-08-24T20:48:39.070846+00:00","timestamp_end":"2025-08-24T20:48:39.070921+00:00","duration_ms":0.076,"func":"business_hours_between","module":"metrics","request_id":null,"ok":true}
{"timestamp_start":"2025-08-24T20:48:39.074882+00:00","timestamp_end":"2025-08-24T20:48:39.074998+00:00","duration_ms":0.119,"func":"business_hours_between","module":"metrics","request_id":null,"ok":true}
{"timestamp_start":"2025-08-24T20:48:39.078382+00:00","timestamp_end":"2025-08-24T20:48:39.078542+00:00","duration_ms":0.165,"func":"business_hours_between","module":"metrics","request_id":null,"ok":true}
{"timestamp_start":"2025-08-24T20:48:39.082989+00:00","timestamp_end":"2025-08-24T20:48:39.083107+00:00","duration_ms":0.127,"func":"business_hours_between","module":"metrics","request_id":null,"ok":true}
{"timestamp_start":"2025-08-24T20:48:39.087108+00:00","timestamp_end":"2025-08-24T20:48:39.087344+00:00","duration_ms":0.24,"func":"business_hours_between","module":"metrics","request_id":null,"ok":true}
{"timestamp_start":"2025-08-24T20:48:39.091389+00:00","timestamp_end":"2025-08-24T20:48:39.091671+00:00","duration_ms":0.285,"func":"business_hours_between","module":"metrics","request_id":null,"ok":true}
{"timestamp_start":"2025-08-24T20:48:39.095579+00:00","timestamp_end":"2025-08-24T20:48:39.095794+00:00","duration_ms":0.218,"func":"business_hours_between","module":"metrics","request_id":null,"ok":true}
{"timestamp_start":"2025-08-24T20:48:39.100285+00:00","timestamp_end":"2025-08-24T20:48:39.100479+00:00","duration_ms":0.199,"func":"business_hours_between","module":"metrics","request_id":null,"ok":true}
{"timestamp_start":"2025-08-24T20:48:39.104466+00:00","timestamp_end":"2025-08-24T20:48:39.104729+00:00","duration_ms":0.267,"func":"business_hours_between","module":"metrics","request_id":null,"ok":true}
{"timestamp_start":"2025-08-24T20:48:39.108299+00:00","timestamp_end":"2025-08-24T20:48:39.108501+00:00","duration_ms":0.206,"func":"business_hours_between","module":"metrics","request_id":null,"ok":true}
{"timestamp_start":"2025-08-24T20:48:39.111509+00:00","timestamp_end":"2025-08-24T20:48:39.111644+00:00","duration_ms":0.139,"func":"business_hours_between","module":"metrics","request_id":null,"ok":true}
{"timestamp_start":"2025-08-24T20:48:39.114308+00:00","timestamp_end":"2025-08-24T20:48:39.114479+00:00","duration_ms":0.179,"func":"business_hours_between","module":"metrics","request_id":null,"ok":true}
{"timestamp_start":"2025-08-24T20:48:39.118227+00:00","timestamp_end":"2025-08-24T20:48:39.118355+00:00","duration_ms":0.131,"func":"business_hours_between","module":"metrics","request_id":null,"ok":true}
{"timestamp_start":"2025-08-24T20:48:39.120990+00:00","timestamp_end":"2025-08-24T20:48:39.121059+00:00","duration_ms":0.071,"func":"business_hours_between","module":"metrics","request_id":null,"ok":true}
{"timestamp_start":"2025-08-24T20:48:39.124051+00:00","timestamp_end":"2025-08-24T20:48:39.124693+00:00","duration_ms":0.647,"func":"business_hours_between","module":"metrics","request_id":null,"ok":true}
{"timestamp_start":"2025-08-24T20:48:39.127447+00:00","timestamp_end":"2025-08-24T20:48:39.127531+00:00","duration_ms":0.086,"func":"business_hours_between","module":"metrics","request_id":null,"ok":true}
{"timestamp_start":"2025-08-24T20:48:39.130367+00:00","timestamp_end":"2025-08-24T20:48:39.130415+00:00","duration_ms":0.05,"func":"business_hours_between","module":"metrics","request_id":null,"ok":true}
{"timestamp_start":"2025-08-24T20:48:39.133737+00:00","timestamp_end":"2025-08-24T20:48:39.133812+00:00","duration_ms":0.078,"func":"business_hours_between","module":"metrics","request_id":null,"ok":true}
{"timestamp_start":"2025-08-24T20:48:38.884349+00:00","timestamp_end":"2025-08-24T20:48:39.180073+00:00","duration_ms":295.729,"func":"resolution_time_series","module":"metrics","request_id":null,"ok":true}
{"timestamp_start":"2025-08-24T20:48:56.327811+00:00","timestamp_end":"2025-08-24T20:48:56.372136+00:00","duration_ms":44.33,"func":"_get","module":"glpi_client","request_id":null,"ok":true}
{"timestamp_start":"2025-08-24T20:48:56.081454+00:00","timestamp_end":"2025-08-24T20:48:56.377580+00:00","duration_ms":296.132,"func":"init_session","module":"glpi_client","request_id":null,"ok":true}
{"timestamp_start":"2025-08-24T20:48:56.382745+00:00","timestamp_end":"2025-08-24T20:48:56.443234+00:00","duration_ms":60.498,"func":"_get","module":"glpi_client","request_id":null,"ok":true}
{"timestamp_start":"2025-08-24T20:48:56.382740+00:00","timestamp_end":"2025-08-24T20:48:56.447468+00:00","duration_ms":64.737,"func":"list_search_options","module":"glpi_client","request_id":null,"ok":true}
{"timestamp_start":"2025-08-24T20:48:56.449925+00:00","timestamp_end":"2025-08-24T20:48:56.493217+00:00","duration_ms":43.299,"func":"try_get_group_name","module":"glpi_client","request_id":null,"ok":true}
{"timestamp_start":"2025-08-24T20:48:56.495840+00:00","timestamp_end":"2025-08-24T20:48:56.660986+00:00","duration_ms":165.151,"func":"_get","module":"glpi_client","request_id":null,"ok":true}
{"timestamp_start":"2025-08-24T20:48:56.495828+00:00","timestamp_end":"2025-08-24T20:48:56.664492+00:00","duration_ms":168.671,"func":"raw_search","module":"glpi_client","request_id":null,"ok":true}
{"timestamp_start":"2025-08-24T20:48:56.382727+00:00","timestamp_end":"2025-08-24T20:48:56.671352+00:00","duration_ms":288.631,"func":"bulk_search_observer_tickets","module":"data_access","request_id":null,"ok":true}
{"timestamp_start":"2025-08-24T20:48:56.675053+00:00","timestamp_end":"2025-08-24T20:48:56.677668+00:00","duration_ms":2.618,"func":"normalize_ticket_df","module":"metrics","request_id":null,"ok":true}
{"timestamp_start":"2025-08-24T20:48:56.682482+00:00","timestamp_end":"2025-08-24T20:48:56.727189+00:00","duration_ms":44.711,"func":"_get","module":"glpi_client","request_id":null,"ok":true}
{"timestamp_start":"2025-08-24T20:48:56.682468+00:00","timestamp_end":"2025-08-24T20:48:56.730506+00:00","duration_ms":48.046,"func":"kill_session","module":"glpi_client","request_id":null,"ok":true}
{"timestamp_start":"2025-08-24T20:48:56.734540+00:00","timestamp_end":"2025-08-24T20:48:56.740492+00:00","duration_ms":5.957,"func":"created_resolved","module":"metrics","request_id":null,"ok":true}
{"timestamp_start":"2025-08-24T20:48:56.743851+00:00","timestamp_end":"2025-08-24T20:48:56.745418+00:00","duration_ms":1.573,"func":"backlog_trend_series","module":"metrics","request_id":null,"ok":true}
{"timestamp_start":"2025-08-24T20:48:56.748995+00:00","timestamp_end":"2025-08-24T20:48:56.750304+00:00","duration_ms":1.315,"func":"backlog_status","module":"metrics","request_id":null,"ok":true}
{"timestamp_start":"2025-08-24T20:48:56.753436+00:00","timestamp_end":"2025-08-24T20:48:56.757334+00:00","duration_ms":3.903,"func":"sla_solution","module":"metrics","request_id":null,"ok":true}
{"timestamp_start":"2025-08-24T20:48:56.760338+00:00","timestamp_end":"2025-08-24T20:48:56.763656+00:00","duration_ms":3.323,"func":"aging_buckets","module":"metrics","request_id":null,"ok":true}
{"timestamp_start":"2025-08-24T20:48:56.767249+00:00","timestamp_end":"2025-08-24T20:48:56.769098+00:00","duration_ms":1.856,"func":"composition","module":"metrics","request_id":null,"ok":true}
{"timestamp_start":"2025-08-24T20:48:56.773490+00:00","timestamp_end":"2025-08-24T20:48:56.774322+00:00","duration_ms":0.835,"func":"load_by_assignee","module":"metrics","request_id":null,"ok":true}
{"timestamp_start":"2025-08-24T20:48:56.782261+00:00","timestamp_end":"2025-08-24T20:48:56.782337+00:00","duration_ms":0.078,"func":"business_hours_between","module":"metrics","request_id":null,"ok":true}
{"timestamp_start":"2025-08-24T20:48:56.786320+00:00","timestamp_end":"2025-08-24T20:48:56.786552+00:00","duration_ms":0.236,"func":"business_hours_between","module":"metrics","request_id":null,"ok":true}
{"timestamp_start":"2025-08-24T20:48:56.789660+00:00","timestamp_end":"2025-08-24T20:48:56.789750+00:00","duration_ms":0.093,"func":"business_hours_between","module":"metrics","request_id":null,"ok":true}
{"timestamp_start":"2025-08-24T20:48:56.792886+00:00","timestamp_end":"2025-08-24T20:48:56.792988+00:00","duration_ms":0.106,"func":"business_hours_between","module":"metrics","request_id":null,"ok":true}
{"timestamp_start":"2025-08-24T20:48:56.796234+00:00","timestamp_end":"2025-08-24T20:48:56.796293+00:00","duration_ms":0.06,"func":"business_hours_between","module":"metrics","request_id":null,"ok":true}
{"timestamp_start":"2025-08-24T20:48:56.799140+00:00","timestamp_end":"2025-08-24T20:48:56.799224+00:00","duration_ms":0.086,"func":"business_hours_between","module":"metrics","request_id":null,"ok":true}
{"timestamp_start":"2025-08-24T20:48:56.802262+00:00","timestamp_end":"2025-08-24T20:48:56.802347+00:00","duration_ms":0.088,"func":"business_hours_between","module":"metrics","request_id":null,"ok":true}
{"timestamp_start":"2025-08-24T20:48:56.805355+00:00","timestamp_end":"2025-08-24T20:48:56.805425+00:00","duration_ms":0.072,"func":"business_hours_between","module":"metrics","request_id":null,"ok":true}
{"timestamp_start":"2025-08-24T20:48:56.809080+00:00","timestamp_end":"2025-08-24T20:48:56.809177+00:00","duration_ms":0.1,"func":"business_hours_between","module":"metrics","request_id":null,"ok":true}
{"timestamp_start":"2025-08-24T20:48:56.812521+00:00","timestamp_end":"2025-08-24T20:48:56.812576+00:00","duration_ms":0.056,"func":"business_hours_between","module":"metrics","request_id":null,"ok":true}
{"timestamp_start":"2025-08-24T20:48:56.815456+00:00","timestamp_end":"2025-08-24T20:48:56.815544+00:00","duration_ms":0.091,"func":"business_hours_between","module":"metrics","request_id":null,"ok":true}
{"timestamp_start":"2025-08-24T20:48:56.818596+00:00","timestamp_end":"2025-08-24T20:48:56.818697+00:00","duration_ms":0.104,"func":"business_hours_between","module":"metrics","request_id":null,"ok":true}
{"timestamp_start":"2025-08-24T20:48:56.821614+00:00","timestamp_end":"2025-08-24T20:48:56.821729+00:00","duration_ms":0.119,"func":"business_hours_between","module":"metrics","request_id":null,"ok":true}
{"timestamp_start":"2025-08-24T20:48:56.824702+00:00","timestamp_end":"2025-08-24T20:48:56.824809+00:00","duration_ms":0.111,"func":"business_hours_between","module":"metrics","request_id":null,"ok":true}
{"timestamp_start":"2025-08-24T20:48:56.827883+00:00","timestamp_end":"2025-08-24T20:48:56.827952+00:00","duration_ms":0.071,"func":"business_hours_between","module":"metrics","request_id":null,"ok":true}
{"timestamp_start":"2025-08-24T20:48:56.830949+00:00","timestamp_end":"2025-08-24T20:48:56.831073+00:00","duration_ms":0.13,"func":"business_hours_between","module":"metrics","request_id":null,"ok":true}
{"timestamp_start":"2025-08-24T20:48:56.835481+00:00","timestamp_end":"2025-08-24T20:48:56.835594+00:00","duration_ms":0.115,"func":"business_hours_between","module":"metrics","request_id":null,"ok":true}
{"timestamp_start":"2025-08-24T20:48:56.839113+00:00","timestamp_end":"2025-08-24T20:48:56.839305+00:00","duration_ms":0.195,"func":"business_hours_between","module":"metrics","request_id":null,"ok":true}
{"timestamp_start":"2025-08-24T20:48:56.841999+00:00","timestamp_end":"2025-08-24T20:48:56.842132+00:00","duration_ms":0.137,"func":"business_hours_between","module":"metrics","request_id":null,"ok":true}
{"timestamp_start":"2025-08-24T20:48:56.845493+00:00","timestamp_end":"2025-08-24T20:48:56.845547+00:00","duration_ms":0.057,"func":"business_hours_between","module":"metrics","request_id":null,"ok":true}
{"timestamp_start":"2025-08-24T20:48:56.848633+00:00","timestamp_end":"2025-08-24T20:48:56.848738+00:00","duration_ms":0.107,"func":"business_hours_between","module":"metrics","request_id":null,"ok":true}
{"timestamp_start":"2025-08-24T20:48:56.851462+00:00","timestamp_end":"2025-08-24T20:48:56.851530+00:00","duration_ms":0.07,"func":"business_hours_between","module":"metrics","request_id":null,"ok":true}
{"timestamp_start":"2025-08-24T20:48:56.854248+00:00","timestamp_end":"2025-08-24T20:48:56.854366+00:00","duration_ms":0.123,"func":"business_hours_between","module":"metrics","request_id":null,"ok":true}
{"timestamp_start":"2025-08-24T20:48:56.856918+00:00","timestamp_end":"2025-08-24T20:48:56.857003+00:00","duration_ms":0.088,"func":"business_hours_between","module":"metrics","request_id":null,"ok":true}
{"timestamp_start":"2025-08-24T20:48:56.859886+00:00","timestamp_end":"2025-08-24T20:48:56.859944+00:00","duration_ms":0.06,"func":"business_hours_between","module":"metrics","request_id":null,"ok":true}
{"timestamp_start":"2025-08-24T20:48:56.862736+00:00","timestamp_end":"2025-08-24T20:48:56.862819+00:00","duration_ms":0.085,"func":"business_hours_between","module":"metrics","request_id":null,"ok":true}
{"timestamp_start":"2025-08-24T20:48:56.865363+00:00","timestamp_end":"2025-08-24T20:48:56.865445+00:00","duration_ms":0.084,"func":"business_hours_between","module":"metrics","request_id":null,"ok":true}
{"timestamp_start":"2025-08-24T20:48:56.868655+00:00","timestamp_end":"2025-08-24T20:48:56.868763+00:00","duration_ms":0.112,"func":"business_hours_between","module":"metrics","request_id":null,"ok":true}
{"timestamp_start":"2025-08-24T20:48:56.871358+00:00","timestamp_end":"2025-08-24T20:48:56.871454+00:00","duration_ms":0.098,"func":"business_hours_between","module":"metrics","request_id":null,"ok":true}
{"timestamp_start":"2025-08-24T20:48:56.874028+00:00","timestamp_end":"2025-08-24T20:48:56.874283+00:00","duration_ms":0.261,"func":"business_hours_between","module":"metrics","request_id":null,"ok":true}
{"timestamp_start":"2025-08-24T20:48:56.877082+00:00","timestamp_end":"2025-08-24T20:48:56.877210+00:00","duration_ms":0.131,"func":"business_hours_between","module":"metrics","request_id":null,"ok":true}
{"timestamp_start":"2025-08-24T20:48:56.879760+00:00","timestamp_end":"2025-08-24T20:48:56.879859+00:00","duration_ms":0.104,"func":"business_hours_between","module":"metrics","request_id":null,"ok":true}
{"timestamp_start":"2025-08-24T20:48:56.882298+00:00","timestamp_end":"2025-08-24T20:48:56.882426+00:00","duration_ms":0.133,"func":"business_hours_between","module":"metrics","request_id":null,"ok":true}
{"timestamp_start":"2025-08-24T20:48:56.885118+00:00","timestamp_end":"2025-08-24T20:48:56.885219+00:00","duration_ms":0.104,"func":"business_hours_between","module":"metrics","request_id":null,"ok":true}
{"timestamp_start":"2025-08-24T20:48:56.887802+00:00","timestamp_end":"2025-08-24T20:48:56.887851+00:00","duration_ms":0.051,"func":"business_hours_between","module":"metrics","request_id":null,"ok":true}
{"timestamp_start":"2025-08-24T20:48:56.890589+00:00","timestamp_end":"2025-08-24T20:48:56.890815+00:00","duration_ms":0.23,"func":"business_hours_between","module":"metrics","request_id":null,"ok":true}
{"timestamp_start":"2025-08-24T20:48:56.893296+00:00","timestamp_end":"2025-08-24T20:48:56.893424+00:00","duration_ms":0.13,"func":"business_hours_between","module":"metrics","request_id":null,"ok":true}
{"timestamp_start":"2025-08-24T20:48:56.895687+00:00","timestamp_end":"2025-08-24T20:48:56.895808+00:00","duration_ms":0.123,"func":"business_hours_between","module":"metrics","request_id":null,"ok":true}
{"timestamp_start":"2025-08-24T20:48:56.898708+00:00","timestamp_end":"2025-08-24T20:48:56.898824+00:00","duration_ms":0.119,"func":"business_hours_between","module":"metrics","request_id":null,"ok":true}
{"timestamp_start":"2025-08-24T20:48:56.901469+00:00","timestamp_end":"2025-08-24T20:48:56.901943+00:00","duration_ms":0.477,"func":"business_hours_between","module":"metrics","request_id":null,"ok":true}
{"timestamp_start":"2025-08-24T20:48:56.904538+00:00","timestamp_end":"2025-08-24T20:48:56.904608+00:00","duration_ms":0.071,"func":"business_hours_between","module":"metrics","request_id":null,"ok":true}
{"timestamp_start":"2025-08-24T20:48:56.907333+00:00","timestamp_end":"2025-08-24T20:48:56.907396+00:00","duration_ms":0.065,"func":"business_hours_between","module":"metrics","request_id":null,"ok":true}
{"timestamp_start":"2025-08-24T20:48:56.910188+00:00","timestamp_end":"2025-08-24T20:48:56.910267+00:00","duration_ms":0.082,"func":"business_hours_between","module":"metrics","request_id":null,"ok":true}
{"timestamp_start":"2025-08-24T20:48:56.912655+00:00","timestamp_end":"2025-08-24T20:48:56.912831+00:00","duration_ms":0.18,"func":"business_hours_between","module":"metrics","request_id":null,"ok":true}
{"timestamp_start":"2025-08-24T20:48:56.915426+00:00","timestamp_end":"2025-08-24T20:48:56.915561+00:00","duration_ms":0.138,"func":"business_hours_between","module":"metrics","request_id":null,"ok":true}
{"timestamp_start":"2025-08-24T20:48:56.918144+00:00","timestamp_end":"2025-08-24T20:48:56.918276+00:00","duration_ms":0.135,"func":"business_hours_between","module":"metrics","request_id":null,"ok":true}
{"timestamp_start":"2025-08-24T20:48:56.921423+00:00","timestamp_end":"2025-08-24T20:48:56.921520+00:00","duration_ms":0.1,"func":"business_hours_between","module":"metrics","request_id":null,"ok":true}
{"timestamp_start":"2025-08-24T20:48:56.924116+00:00","timestamp_end":"2025-08-24T20:48:56.924179+00:00","duration_ms":0.065,"func":"business_hours_between","module":"metrics","request_id":null,"ok":true}
{"timestamp_start":"2025-08-24T20:48:56.927310+00:00","timestamp_end":"2025-08-24T20:48:56.927400+00:00","duration_ms":0.093,"func":"business_hours_between","module":"metrics","request_id":null,"ok":true}
{"timestamp_start":"2025-08-24T20:48:56.930380+00:00","timestamp_end":"2025-08-24T20:48:56.930514+00:00","duration_ms":0.139,"func":"business_hours_between","module":"metrics","request_id":null,"ok":true}
{"timestamp_start":"2025-08-24T20:48:56.934339+00:00","timestamp_end":"2025-08-24T20:48:56.934439+00:00","duration_ms":0.104,"func":"business_hours_between","module":"metrics","request_id":null,"ok":true}
{"timestamp_start":"2025-08-24T20:48:56.938048+00:00","timestamp_end":"2025-08-24T20:48:56.938157+00:00","duration_ms":0.111,"func":"business_hours_between","module":"metrics","request_id":null,"ok":true}
{"timestamp_start":"2025-08-24T20:48:56.941146+00:00","timestamp_end":"2025-08-24T20:48:56.941217+00:00","duration_ms":0.073,"func":"business_hours_between","module":"metrics","request_id":null,"ok":true}
{"timestamp_start":"2025-08-24T20:48:56.944201+00:00","timestamp_end":"2025-08-24T20:48:56.944405+00:00","duration_ms":0.21,"func":"business_hours_between","module":"metrics","request_id":null,"ok":true}
{"timestamp_start":"2025-08-24T20:48:56.947486+00:00","timestamp_end":"2025-08-24T20:48:56.947582+00:00","duration_ms":0.1,"func":"business_hours_between","module":"metrics","request_id":null,"ok":true}
{"timestamp_start":"2025-08-24T20:48:56.951057+00:00","timestamp_end":"2025-08-24T20:48:56.951171+00:00","duration_ms":0.117,"func":"business_hours_between","module":"metrics","request_id":null,"ok":true}
{"timestamp_start":"2025-08-24T20:48:56.953856+00:00","timestamp_end":"2025-08-24T20:48:56.953939+00:00","duration_ms":0.087,"func":"business_hours_between","module":"metrics","request_id":null,"ok":true}
{"timestamp_start":"2025-08-24T20:48:56.956462+00:00","timestamp_end":"2025-08-24T20:48:56.956542+00:00","duration_ms":0.083,"func":"business_hours_between","module":"metrics","request_id":null,"ok":true}
{"timestamp_start":"2025-08-24T20:48:56.959323+00:00","timestamp_end":"2025-08-24T20:48:56.959451+00:00","duration_ms":0.132,"func":"business_hours_between","module":"metrics","request_id":null,"ok":true}
{"timestamp_start":"2025-08-24T20:48:56.962514+00:00","timestamp_end":"2025-08-24T20:48:56.962719+00:00","duration_ms":0.21,"func":"business_hours_between","module":"metrics","request_id":null,"ok":true}
{"timestamp_start":"2025-08-24T20:48:56.965762+00:00","timestamp_end":"2025-08-24T20:48:56.965883+00:00","duration_ms":0.125,"func":"business_hours_between","module":"metrics","request_id":null,"ok":true}
{"timestamp_start":"2025-08-24T20:48:56.968726+00:00","timestamp_end":"2025-08-24T20:48:56.968843+00:00","duration_ms":0.12,"func":"business_hours_between","module":"metrics","request_id":null,"ok":true}
{"timestamp_start":"2025-08-24T20:48:56.972105+00:00","timestamp_end":"2025-08-24T20:48:56.972268+00:00","duration_ms":0.168,"func":"business_hours_between","module":"metrics","request_id":null,"ok":true}
{"timestamp_start":"2025-08-24T20:48:56.975431+00:00","timestamp_end":"2025-08-24T20:48:56.975527+00:00","duration_ms":0.099,"func":"business_hours_between","module":"metrics","request_id":null,"ok":true}
{"timestamp_start":"2025-08-24T20:48:56.978053+00:00","timestamp_end":"2025-08-24T20:48:56.978109+00:00","duration_ms":0.058,"func":"business_hours_between","module":"metrics","request_id":null,"ok":true}
{"timestamp_start":"2025-08-24T20:48:56.980976+00:00","timestamp_end":"2025-08-24T20:48:56.981099+00:00","duration_ms":0.127,"func":"business_hours_between","module":"metrics","request_id":null,"ok":true}
{"timestamp_start":"2025-08-24T20:48:56.983786+00:00","timestamp_end":"2025-08-24T20:48:56.983948+00:00","duration_ms":0.167,"func":"business_hours_between","module":"metrics","request_id":null,"ok":true}
{"timestamp_start":"2025-08-24T20:48:56.986937+00:00","timestamp_end":"2025-08-24T20:48:56.987044+00:00","duration_ms":0.109,"func":"business_hours_between","module":"metrics","request_id":null,"ok":true}
{"timestamp_start":"2025-08-24T20:48:56.989772+00:00","timestamp_end":"2025-08-24T20:48:56.989890+00:00","duration_ms":0.119,"func":"business_hours_between","module":"metrics","request_id":null,"ok":true}
{"timestamp_start":"2025-08-24T20:48:56.993425+00:00","timestamp_end":"2025-08-24T20:48:56.993641+00:00","duration_ms":0.22,"func":"business_hours_between","module":"metrics","request_id":null,"ok":true}
{"timestamp_start":"2025-08-24T20:48:56.996434+00:00","timestamp_end":"2025-08-24T20:48:56.996569+00:00","duration_ms":0.14,"func":"business_hours_between","module":"metrics","request_id":null,"ok":true}
{"timestamp_start":"2025-08-24T20:48:56.999029+00:00","timestamp_end":"2025-08-24T20:48:56.999141+00:00","duration_ms":0.114,"func":"business_hours_between","module":"metrics","request_id":null,"ok":true}
{"timestamp_start":"2025-08-24T20:48:57.001970+00:00","timestamp_end":"2025-08-24T20:48:57.002047+00:00","duration_ms":0.079,"func":"business_hours_between","module":"metrics","request_id":null,"ok":true}
{"timestamp_start":"2025-08-24T20:48:57.005341+00:00","timestamp_end":"2025-08-24T20:48:57.005426+00:00","duration_ms":0.087,"func":"business_hours_between","module":"metrics","request_id":null,"ok":true}
{"timestamp_start":"2025-08-24T20:48:57.008179+00:00","timestamp_end":"2025-08-24T20:48:57.008363+00:00","duration_ms":0.189,"func":"business_hours_between","module":"metrics","request_id":null,"ok":true}
{"timestamp_start":"2025-08-24T20:48:57.011165+00:00","timestamp_end":"2025-08-24T20:48:57.011230+00:00","duration_ms":0.067,"func":"business_hours_between","module":"metrics","request_id":null,"ok":true}
{"timestamp_start":"2025-08-24T20:48:57.014064+00:00","timestamp_end":"2025-08-24T20:48:57.014235+00:00","duration_ms":0.174,"func":"business_hours_between","module":"metrics","request_id":null,"ok":true}
{"timestamp_start":"2025-08-24T20:48:57.016944+00:00","timestamp_end":"2025-08-24T20:48:57.017184+00:00","duration_ms":0.245,"func":"business_hours_between","module":"metrics","request_id":null,"ok":true}
{"timestamp_start":"2025-08-24T20:48:57.020188+00:00","timestamp_end":"2025-08-24T20:48:57.020338+00:00","duration_ms":0.151,"func":"business_hours_between","module":"metrics","request_id":null,"ok":true}
{"timestamp_start":"2025-08-24T20:48:57.023052+00:00","timestamp_end":"2025-08-24T20:48:57.023170+00:00","duration_ms":0.12,"func":"business_hours_between","module":"metrics","request_id":null,"ok":true}
{"timestamp_start":"2025-08-24T20:48:57.025269+00:00","timestamp_end":"2025-08-24T20:48:57.025363+00:00","duration_ms":0.096,"func":"business_hours_between","module":"metrics","request_id":null,"ok":true}
{"timestamp_start":"2025-08-24T20:48:57.027858+00:00","timestamp_end":"2025-08-24T20:48:57.028092+00:00","duration_ms":0.237,"func":"business_hours_between","module":"metrics","request_id":null,"ok":true}
{"timestamp_start":"2025-08-24T20:48:57.030567+00:00","timestamp_end":"2025-08-24T20:48:57.030654+00:00","duration_ms":0.089,"func":"business_hours_between","module":"metrics","request_id":null,"ok":true}
{"timestamp_start":"2025-08-24T20:48:57.033906+00:00","timestamp_end":"2025-08-24T20:48:57.034041+00:00","duration_ms":0.138,"func":"business_hours_between","module":"metrics","request_id":null,"ok":true}
{"timestamp_start":"2025-08-24T20:48:57.037197+00:00","timestamp_end":"2025-08-24T20:48:57.037275+00:00","duration_ms":0.081,"func":"business_hours_between","module":"metrics","request_id":null,"ok":true}
{"timestamp_start":"2025-08-24T20:48:57.039966+00:00","timestamp_end":"2025-08-24T20:48:57.040027+00:00","duration_ms":0.063,"func":"business_hours_between","module":"metrics","request_id":null,"ok":true}
{"timestamp_start":"2025-08-24T20:48:57.042850+00:00","timestamp_end":"2025-08-24T20:48:57.042906+00:00","duration_ms":0.057,"func":"business_hours_between","module":"metrics","request_id":null,"ok":true}
{"timestamp_start":"2025-08-24T20:48:57.045387+00:00","timestamp_end":"2025-08-24T20:48:57.045673+00:00","duration_ms":0.288,"func":"business_hours_between","module":"metrics","request_id":null,"ok":true}
{"timestamp_start":"2025-08-24T20:48:57.048359+00:00","timestamp_end":"2025-08-24T20:48:57.048452+00:00","duration_ms":0.095,"func":"business_hours_between","module":"metrics","request_id":null,"ok":true}
{"timestamp_start":"2025-08-24T20:48:57.051557+00:00","timestamp_end":"2025-08-24T20:48:57.051633+00:00","duration_ms":0.078,"func":"business_hours_between","module":"metrics","request_id":null,"ok":true}
{"timestamp_start":"2025-08-24T20:48:57.054457+00:00","timestamp_end":"2025-08-24T20:48:57.054522+00:00","duration_ms":0.068,"func":"business_hours_between","module":"metrics","request_id":null,"ok":true}
{"timestamp_start":"2025-08-24T20:48:56.780910+00:00","timestamp_end":"2025-08-24T20:48:57.059687+00:00","duration_ms":278.782,"func":"resolution_time_series","module":"metrics","request_id":null,"ok":true}
{"timestamp_start":"2025-08-24T20:53:25.406938+00:00","timestamp_end":"2025-08-24T20:53:25.446886+00:00","duration_ms":39.953,"func":"_get","module":"glpi_client","request_id":null,"ok":true}
{"timestamp_start":"2025-08-24T20:53:25.130560+00:00","timestamp_end":"2025-08-24T20:53:25.451241+00:00","duration_ms":320.692,"func":"init_session","module":"glpi_client","request_id":null,"ok":true}
{"timestamp_start":"2025-08-24T20:53:25.456258+00:00","timestamp_end":"2025-08-24T20:53:25.516587+00:00","duration_ms":60.335,"func":"_get","module":"glpi_client","request_id":null,"ok":true}
{"timestamp_start":"2025-08-24T20:53:25.456256+00:00","timestamp_end":"2025-08-24T20:53:25.520572+00:00","duration_ms":64.321,"func":"list_search_options","module":"glpi_client","request_id":null,"ok":true}
{"timestamp_start":"2025-08-24T20:53:25.525718+00:00","timestamp_end":"2025-08-24T20:53:25.596480+00:00","duration_ms":70.772,"func":"try_get_group_name","module":"glpi_client","request_id":null,"ok":true}
{"timestamp_start":"2025-08-24T20:53:25.601448+00:00","timestamp_end":"2025-08-24T20:53:25.765192+00:00","duration_ms":163.748,"func":"_get","module":"glpi_client","request_id":null,"ok":true}
{"timestamp_start":"2025-08-24T20:53:25.601439+00:00","timestamp_end":"2025-08-24T20:53:25.768914+00:00","duration_ms":167.48,"func":"raw_search","module":"glpi_client","request_id":null,"ok":true}
{"timestamp_start":"2025-08-24T20:53:25.456247+00:00","timestamp_end":"2025-08-24T20:53:25.917165+00:00","duration_ms":460.925,"func":"bulk_search_observer_tickets","module":"data_access","request_id":null,"ok":true}
{"timestamp_start":"2025-08-24T20:53:25.920373+00:00","timestamp_end":"2025-08-24T20:53:25.923404+00:00","duration_ms":3.035,"func":"normalize_ticket_df","module":"metrics","request_id":null,"ok":true}
{"timestamp_start":"2025-08-24T20:53:25.929558+00:00","timestamp_end":"2025-08-24T20:53:25.975518+00:00","duration_ms":45.966,"func":"_get","module":"glpi_client","request_id":null,"ok":true}
{"timestamp_start":"2025-08-24T20:53:25.929544+00:00","timestamp_end":"2025-08-24T20:53:25.979418+00:00","duration_ms":49.883,"func":"kill_session","module":"glpi_client","request_id":null,"ok":true}
{"timestamp_start":"2025-08-24T20:53:25.984145+00:00","timestamp_end":"2025-08-24T20:53:26.137439+00:00","duration_ms":153.3,"func":"created_resolved","module":"metrics","request_id":null,"ok":true}
{"timestamp_start":"2025-08-24T20:53:26.139651+00:00","timestamp_end":"2025-08-24T20:53:26.151157+00:00","duration_ms":11.512,"func":"backlog_trend_series","module":"metrics","request_id":null,"ok":true}
{"timestamp_start":"2025-08-24T20:53:26.153706+00:00","timestamp_end":"2025-08-24T20:53:26.169367+00:00","duration_ms":15.668,"func":"backlog_status","module":"metrics","request_id":null,"ok":true}
{"timestamp_start":"2025-08-24T20:53:26.173248+00:00","timestamp_end":"2025-08-24T20:53:26.198144+00:00","duration_ms":24.905,"func":"sla_solution","module":"metrics","request_id":null,"ok":true}
{"timestamp_start":"2025-08-24T20:53:26.201544+00:00","timestamp_end":"2025-08-24T20:53:26.266516+00:00","duration_ms":64.988,"func":"aging_buckets","module":"metrics","request_id":null,"ok":true}
{"timestamp_start":"2025-08-24T20:53:26.269871+00:00","timestamp_end":"2025-08-24T20:53:26.282282+00:00","duration_ms":12.417,"func":"composition","module":"metrics","request_id":null,"ok":true}
{"timestamp_start":"2025-08-24T20:53:26.287268+00:00","timestamp_end":"2025-08-24T20:53:26.288185+00:00","duration_ms":0.921,"func":"load_by_assignee","module":"metrics","request_id":null,"ok":true}
{"timestamp_start":"2025-08-24T20:53:26.296004+00:00","timestamp_end":"2025-08-24T20:53:26.296073+00:00","duration_ms":0.07,"func":"business_hours_between","module":"metrics","request_id":null,"ok":true}
{"timestamp_start":"2025-08-24T20:53:26.299504+00:00","timestamp_end":"2025-08-24T20:53:26.299560+00:00","duration_ms":0.058,"func":"business_hours_between","module":"metrics","request_id":null,"ok":true}
{"timestamp_start":"2025-08-24T20:53:26.303185+00:00","timestamp_end":"2025-08-24T20:53:26.303287+00:00","duration_ms":0.107,"func":"business_hours_between","module":"metrics","request_id":null,"ok":true}
{"timestamp_start":"2025-08-24T20:53:26.305667+00:00","timestamp_end":"2025-08-24T20:53:26.305718+00:00","duration_ms":0.052,"func":"business_hours_between","module":"metrics","request_id":null,"ok":true}
{"timestamp_start":"2025-08-24T20:53:26.312169+00:00","timestamp_end":"2025-08-24T20:53:26.312271+00:00","duration_ms":0.105,"func":"business_hours_between","module":"metrics","request_id":null,"ok":true}
{"timestamp_start":"2025-08-24T20:53:26.315007+00:00","timestamp_end":"2025-08-24T20:53:26.315070+00:00","duration_ms":0.064,"func":"business_hours_between","module":"metrics","request_id":null,"ok":true}
{"timestamp_start":"2025-08-24T20:53:26.317650+00:00","timestamp_end":"2025-08-24T20:53:26.317718+00:00","duration_ms":0.069,"func":"business_hours_between","module":"metrics","request_id":null,"ok":true}
{"timestamp_start":"2025-08-24T20:53:26.321560+00:00","timestamp_end":"2025-08-24T20:53:26.321624+00:00","duration_ms":0.066,"func":"business_hours_between","module":"metrics","request_id":null,"ok":true}
{"timestamp_start":"2025-08-24T20:53:26.325910+00:00","timestamp_end":"2025-08-24T20:53:26.325996+00:00","duration_ms":0.089,"func":"business_hours_between","module":"metrics","request_id":null,"ok":true}
{"timestamp_start":"2025-08-24T20:53:26.328987+00:00","timestamp_end":"2025-08-24T20:53:26.329049+00:00","duration_ms":0.064,"func":"business_hours_between","module":"metrics","request_id":null,"ok":true}
{"timestamp_start":"2025-08-24T20:53:26.335695+00:00","timestamp_end":"2025-08-24T20:53:26.335763+00:00","duration_ms":0.07,"func":"business_hours_between","module":"metrics","request_id":null,"ok":true}
{"timestamp_start":"2025-08-24T20:53:26.338557+00:00","timestamp_end":"2025-08-24T20:53:26.338615+00:00","duration_ms":0.06,"func":"business_hours_between","module":"metrics","request_id":null,"ok":true}
{"timestamp_start":"2025-08-24T20:53:26.341683+00:00","timestamp_end":"2025-08-24T20:53:26.341858+00:00","duration_ms":0.183,"func":"business_hours_between","module":"metrics","request_id":null,"ok":true}
{"timestamp_start":"2025-08-24T20:53:26.344234+00:00","timestamp_end":"2025-08-24T20:53:26.344479+00:00","duration_ms":0.251,"func":"business_hours_between","module":"metrics","request_id":null,"ok":true}
{"timestamp_start":"2025-08-24T20:53:26.347209+00:00","timestamp_end":"2025-08-24T20:53:26.347418+00:00","duration_ms":0.213,"func":"business_hours_between","module":"metrics","request_id":null,"ok":true}
{"timestamp_start":"2025-08-24T20:53:26.350145+00:00","timestamp_end":"2025-08-24T20:53:26.350237+00:00","duration_ms":0.095,"func":"business_hours_between","module":"metrics","request_id":null,"ok":true}
{"timestamp_start":"2025-08-24T20:53:26.354083+00:00","timestamp_end":"2025-08-24T20:53:26.354162+00:00","duration_ms":0.081,"func":"business_hours_between","module":"metrics","request_id":null,"ok":true}
{"timestamp_start":"2025-08-24T20:53:26.358217+00:00","timestamp_end":"2025-08-24T20:53:26.358414+00:00","duration_ms":0.204,"func":"business_hours_between","module":"metrics","request_id":null,"ok":true}
{"timestamp_start":"2025-08-24T20:53:26.363301+00:00","timestamp_end":"2025-08-24T20:53:26.363376+00:00","duration_ms":0.079,"func":"business_hours_between","module":"metrics","request_id":null,"ok":true}
{"timestamp_start":"2025-08-24T20:53:26.366605+00:00","timestamp_end":"2025-08-24T20:53:26.366666+00:00","duration_ms":0.062,"func":"business_hours_between","module":"metrics","request_id":null,"ok":true}
{"timestamp_start":"2025-08-24T20:53:26.369950+00:00","timestamp_end":"2025-08-24T20:53:26.370006+00:00","duration_ms":0.057,"func":"business_hours_between","module":"metrics","request_id":null,"ok":true}
{"timestamp_start":"2025-08-24T20:53:26.373133+00:00","timestamp_end":"2025-08-24T20:53:26.373183+00:00","duration_ms":0.05,"func":"business_hours_between","module":"metrics","request_id":null,"ok":true}
{"timestamp_start":"2025-08-24T20:53:26.376622+00:00","timestamp_end":"2025-08-24T20:53:26.376697+00:00","duration_ms":0.077,"func":"business_hours_between","module":"metrics","request_id":null,"ok":true}
{"timestamp_start":"2025-08-24T20:53:26.380574+00:00","timestamp_end":"2025-08-24T20:53:26.380681+00:00","duration_ms":0.109,"func":"business_hours_between","module":"metrics","request_id":null,"ok":true}
{"timestamp_start":"2025-08-24T20:53:26.384402+00:00","timestamp_end":"2025-08-24T20:53:26.384475+00:00","duration_ms":0.075,"func":"business_hours_between","module":"metrics","request_id":null,"ok":true}
{"timestamp_start":"2025-08-24T20:53:26.388687+00:00","timestamp_end":"2025-08-24T20:53:26.388765+00:00","duration_ms":0.079,"func":"business_hours_between","module":"metrics","request_id":null,"ok":true}
{"timestamp_start":"2025-08-24T20:53:26.392759+00:00","timestamp_end":"2025-08-24T20:53:26.392832+00:00","duration_ms":0.075,"func":"business_hours_between","module":"metrics","request_id":null,"ok":true}
{"timestamp_start":"2025-08-24T20:53:26.396628+00:00","timestamp_end":"2025-08-24T20:53:26.396725+00:00","duration_ms":0.099,"func":"business_hours_between","module":"metrics","request_id":null,"ok":true}
{"timestamp_start":"2025-08-24T20:53:26.399813+00:00","timestamp_end":"2025-08-24T20:53:26.399885+00:00","duration_ms":0.073,"func":"business_hours_between","module":"metrics","request_id":null,"ok":true}
{"timestamp_start":"2025-08-24T20:53:26.403296+00:00","timestamp_end":"2025-08-24T20:53:26.403371+00:00","duration_ms":0.076,"func":"business_hours_between","module":"metrics","request_id":null,"ok":true}
{"timestamp_start":"2025-08-24T20:53:26.406828+00:00","timestamp_end":"2025-08-24T20:53:26.406908+00:00","duration_ms":0.081,"func":"business_hours_between","module":"metrics","request_id":null,"ok":true}
{"timestamp_start":"2025-08-24T20:53:26.410255+00:00","timestamp_end":"2025-08-24T20:53:26.410344+00:00","duration_ms":0.091,"func":"business_hours_between","module":"metrics","request_id":null,"ok":true}
{"timestamp_start":"2025-08-24T20:53:26.413809+00:00","timestamp_end":"2025-08-24T20:53:26.414025+00:00","duration_ms":0.218,"func":"business_hours_between","module":"metrics","request_id":null,"ok":true}
{"timestamp_start":"2025-08-24T20:53:26.416963+00:00","timestamp_end":"2025-08-24T20:53:26.417027+00:00","duration_ms":0.065,"func":"business_hours_between","module":"metrics","request_id":null,"ok":true}
{"timestamp_start":"2025-08-24T20:53:26.420012+00:00","timestamp_end":"2025-08-24T20:53:26.420096+00:00","duration_ms":0.086,"func":"business_hours_between","module":"metrics","request_id":null,"ok":true}
{"timestamp_start":"2025-08-24T20:53:26.423468+00:00","timestamp_end":"2025-08-24T20:53:26.423551+00:00","duration_ms":0.085,"func":"business_hours_between","module":"metrics","request_id":null,"ok":true}
{"timestamp_start":"2025-08-24T20:53:26.426640+00:00","timestamp_end":"2025-08-24T20:53:26.426748+00:00","duration_ms":0.111,"func":"business_hours_between","module":"metrics","request_id":null,"ok":true}
{"timestamp_start":"2025-08-24T20:53:26.429809+00:00","timestamp_end":"2025-08-24T20:53:26.429899+00:00","duration_ms":0.092,"func":"business_hours_between","module":"metrics","request_id":null,"ok":true}
{"timestamp_start":"2025-08-24T20:53:26.432880+00:00","timestamp_end":"2025-08-24T20:53:26.432927+00:00","duration_ms":0.048,"func":"business_hours_between","module":"metrics","request_id":null,"ok":true}
{"timestamp_start":"2025-08-24T20:53:26.436784+00:00","timestamp_end":"2025-08-24T20:53:26.436871+00:00","duration_ms":0.088,"func":"business_hours_between","module":"metrics","request_id":null,"ok":true}
{"timestamp_start":"2025-08-24T20:53:26.440311+00:00","timestamp_end":"2025-08-24T20:53:26.440377+00:00","duration_ms":0.068,"func":"business_hours_between","module":"metrics","request_id":null,"ok":true}
{"timestamp_start":"2025-08-24T20:53:26.443965+00:00","timestamp_end":"2025-08-24T20:53:26.444038+00:00","duration_ms":0.076,"func":"business_hours_between","module":"metrics","request_id":null,"ok":true}
{"timestamp_start":"2025-08-24T20:53:26.448450+00:00","timestamp_end":"2025-08-24T20:53:26.448549+00:00","duration_ms":0.102,"func":"business_hours_between","module":"metrics","request_id":null,"ok":true}
{"timestamp_start":"2025-08-24T20:53:26.451550+00:00","timestamp_end":"2025-08-24T20:53:26.451632+00:00","duration_ms":0.084,"func":"business_hours_between","module":"metrics","request_id":null,"ok":true}
{"timestamp_start":"2025-08-24T20:53:26.454652+00:00","timestamp_end":"2025-08-24T20:53:26.454723+00:00","duration_ms":0.072,"func":"business_hours_between","module":"metrics","request_id":null,"ok":true}
{"timestamp_start":"2025-08-24T20:53:26.458957+00:00","timestamp_end":"2025-08-24T20:53:26.459148+00:00","duration_ms":0.197,"func":"business_hours_between","module":"metrics","request_id":null,"ok":true}
{"timestamp_start":"2025-08-24T20:53:26.462181+00:00","timestamp_end":"2025-08-24T20:53:26.462287+00:00","duration_ms":0.108,"func":"business_hours_between","module":"metrics","request_id":null,"ok":true}
{"timestamp_start":"2025-08-24T20:53:26.465742+00:00","timestamp_end":"2025-08-24T20:53:26.465809+00:00","duration_ms":0.068,"func":"business_hours_between","module":"metrics","request_id":null,"ok":true}
{"timestamp_start":"2025-08-24T20:53:26.469259+00:00","timestamp_end":"2025-08-24T20:53:26.469347+00:00","duration_ms":0.09,"func":"business_hours_between","module":"metrics","request_id":null,"ok":true}
{"timestamp_start":"2025-08-24T20:53:26.472620+00:00","timestamp_end":"2025-08-24T20:53:26.472687+00:00","duration_ms":0.069,"func":"business_hours_between","module":"metrics","request_id":null,"ok":true}
{"timestamp_start":"2025-08-24T20:53:26.476194+00:00","timestamp_end":"2025-08-24T20:53:26.476311+00:00","duration_ms":0.12,"func":"business_hours_between","module":"metrics","request_id":null,"ok":true}
{"timestamp_start":"2025-08-24T20:53:26.480367+00:00","timestamp_end":"2025-08-24T20:53:26.480492+00:00","duration_ms":0.128,"func":"business_hours_between","module":"metrics","request_id":null,"ok":true}
{"timestamp_start":"2025-08-24T20:53:26.484033+00:00","timestamp_end":"2025-08-24T20:53:26.484147+00:00","duration_ms":0.115,"func":"business_hours_between","module":"metrics","request_id":null,"ok":true}
{"timestamp_start":"2025-08-24T20:53:26.487004+00:00","timestamp_end":"2025-08-24T20:53:26.487083+00:00","duration_ms":0.08,"func":"business_hours_between","module":"metrics","request_id":null,"ok":true}
{"timestamp_start":"2025-08-24T20:53:26.489936+00:00","timestamp_end":"2025-08-24T20:53:26.489994+00:00","duration_ms":0.058,"func":"business_hours_between","module":"metrics","request_id":null,"ok":true}
{"timestamp_start":"2025-08-24T20:53:26.493659+00:00","timestamp_end":"2025-08-24T20:53:26.493776+00:00","duration_ms":0.12,"func":"business_hours_between","module":"metrics","request_id":null,"ok":true}
{"timestamp_start":"2025-08-24T20:53:26.497247+00:00","timestamp_end":"2025-08-24T20:53:26.497325+00:00","duration_ms":0.079,"func":"business_hours_between","module":"metrics","request_id":null,"ok":true}
{"timestamp_start":"2025-08-24T20:53:26.500439+00:00","timestamp_end":"2025-08-24T20:53:26.500514+00:00","duration_ms":0.077,"func":"business_hours_between","module":"metrics","request_id":null,"ok":true}
{"timestamp_start":"2025-08-24T20:53:26.503168+00:00","timestamp_end":"2025-08-24T20:53:26.503225+00:00","duration_ms":0.057,"func":"business_hours_between","module":"metrics","request_id":null,"ok":true}
{"timestamp_start":"2025-08-24T20:53:26.506436+00:00","timestamp_end":"2025-08-24T20:53:26.506537+00:00","duration_ms":0.102,"func":"business_hours_between","module":"metrics","request_id":null,"ok":true}
{"timestamp_start":"2025-08-24T20:53:26.509895+00:00","timestamp_end":"2025-08-24T20:53:26.510047+00:00","duration_ms":0.156,"func":"business_hours_between","module":"metrics","request_id":null,"ok":true}
{"timestamp_start":"2025-08-24T20:53:26.513782+00:00","timestamp_end":"2025-08-24T20:53:26.513923+00:00","duration_ms":0.143,"func":"business_hours_between","module":"metrics","request_id":null,"ok":true}
{"timestamp_start":"2025-08-24T20:53:26.516631+00:00","timestamp_end":"2025-08-24T20:53:26.516728+00:00","duration_ms":0.099,"func":"business_hours_between","module":"metrics","request_id":null,"ok":true}
{"timestamp_start":"2025-08-24T20:53:26.520231+00:00","timestamp_end":"2025-08-24T20:53:26.520348+00:00","duration_ms":0.12,"func":"business_hours_between","module":"metrics","request_id":null,"ok":true}
{"timestamp_start":"2025-08-24T20:53:26.523701+00:00","timestamp_end":"2025-08-24T20:53:26.523839+00:00","duration_ms":0.141,"func":"business_hours_between","module":"metrics","request_id":null,"ok":true}
{"timestamp_start":"2025-08-24T20:53:26.528111+00:00","timestamp_end":"2025-08-24T20:53:26.528217+00:00","duration_ms":0.109,"func":"business_hours_between","module":"metrics","request_id":null,"ok":true}
{"timestamp_start":"2025-08-24T20:53:26.531324+00:00","timestamp_end":"2025-08-24T20:53:26.531389+00:00","duration_ms":0.067,"func":"business_hours_between","module":"metrics","request_id":null,"ok":true}
{"timestamp_start":"2025-08-24T20:53:26.535635+00:00","timestamp_end":"2025-08-24T20:53:26.535741+00:00","duration_ms":0.109,"func":"business_hours_between","module":"metrics","request_id":null,"ok":true}
{"timestamp_start":"2025-08-24T20:53:26.539666+00:00","timestamp_end":"2025-08-24T20:53:26.539764+00:00","duration_ms":0.102,"func":"business_hours_between","module":"metrics","request_id":null,"ok":true}
{"timestamp_start":"2025-08-24T20:53:26.543217+00:00","timestamp_end":"2025-08-24T20:53:26.543532+00:00","duration_ms":0.321,"func":"business_hours_between","module":"metrics","request_id":null,"ok":true}
{"timestamp_start":"2025-08-24T20:53:26.546871+00:00","timestamp_end":"2025-08-24T20:53:26.546981+00:00","duration_ms":0.113,"func":"business_hours_between","module":"metrics","request_id":null,"ok":true}
{"timestamp_start":"2025-08-24T20:53:26.550333+00:00","timestamp_end":"2025-08-24T20:53:26.550441+00:00","duration_ms":0.111,"func":"business_hours_between","module":"metrics","request_id":null,"ok":true}
{"timestamp_start":"2025-08-24T20:53:26.554443+00:00","timestamp_end":"2025-08-24T20:53:26.554507+00:00","duration_ms":0.066,"func":"business_hours_between","module":"metrics","request_id":null,"ok":true}
{"timestamp_start":"2025-08-24T20:53:26.294815+00:00","timestamp_end":"2025-08-24T20:53:26.593111+00:00","duration_ms":298.303,"func":"resolution_time_series","module":"metrics","request_id":null,"ok":true}
{"timestamp_start":"2025-08-24T20:53:34.947729+00:00","timestamp_end":"2025-08-24T20:53:34.992865+00:00","duration_ms":45.143,"func":"_get","module":"glpi_client","request_id":null,"ok":true}
{"timestamp_start":"2025-08-24T20:53:34.711802+00:00","timestamp_end":"2025-08-24T20:53:34.997017+00:00","duration_ms":285.221,"func":"init_session","module":"glpi_client","request_id":null,"ok":true}
{"timestamp_start":"2025-08-24T20:53:35.000603+00:00","timestamp_end":"2025-08-24T20:53:35.063546+00:00","duration_ms":62.947,"func":"_get","module":"glpi_client","request_id":null,"ok":true}
{"timestamp_start":"2025-08-24T20:53:35.000601+00:00","timestamp_end":"2025-08-24T20:53:35.066604+00:00","duration_ms":66.007,"func":"list_search_options","module":"glpi_client","request_id":null,"ok":true}
{"timestamp_start":"2025-08-24T20:53:35.069874+00:00","timestamp_end":"2025-08-24T20:53:35.113424+00:00","duration_ms":43.557,"func":"try_get_group_name","module":"glpi_client","request_id":null,"ok":true}
{"timestamp_start":"2025-08-24T20:53:35.116997+00:00","timestamp_end":"2025-08-24T20:53:35.305249+00:00","duration_ms":188.256,"func":"_get","module":"glpi_client","request_id":null,"ok":true}
{"timestamp_start":"2025-08-24T20:53:35.116988+00:00","timestamp_end":"2025-08-24T20:53:35.309849+00:00","duration_ms":192.873,"func":"raw_search","module":"glpi_client","request_id":null,"ok":true}
{"timestamp_start":"2025-08-24T20:53:35.000592+00:00","timestamp_end":"2025-08-24T20:53:35.319030+00:00","duration_ms":318.442,"func":"bulk_search_observer_tickets","module":"data_access","request_id":null,"ok":true}
{"timestamp_start":"2025-08-24T20:53:35.323093+00:00","timestamp_end":"2025-08-24T20:53:35.325902+00:00","duration_ms":2.813,"func":"normalize_ticket_df","module":"metrics","request_id":null,"ok":true}
{"timestamp_start":"2025-08-24T20:53:35.330253+00:00","timestamp_end":"2025-08-24T20:53:35.372158+00:00","duration_ms":41.909,"func":"_get","module":"glpi_client","request_id":null,"ok":true}
{"timestamp_start":"2025-08-24T20:53:35.330247+00:00","timestamp_end":"2025-08-24T20:53:35.375528+00:00","duration_ms":45.29,"func":"kill_session","module":"glpi_client","request_id":null,"ok":true}
{"timestamp_start":"2025-08-24T20:53:35.381451+00:00","timestamp_end":"2025-08-24T20:53:35.397859+00:00","duration_ms":16.413,"func":"created_resolved","module":"metrics","request_id":null,"ok":true}
{"timestamp_start":"2025-08-24T20:53:35.402650+00:00","timestamp_end":"2025-08-24T20:53:35.404657+00:00","duration_ms":2.012,"func":"backlog_trend_series","module":"metrics","request_id":null,"ok":true}
{"timestamp_start":"2025-08-24T20:53:35.408806+00:00","timestamp_end":"2025-08-24T20:53:35.410254+00:00","duration_ms":1.454,"func":"backlog_status","module":"metrics","request_id":null,"ok":true}
{"timestamp_start":"2025-08-24T20:53:35.415051+00:00","timestamp_end":"2025-08-24T20:53:35.418179+00:00","duration_ms":3.133,"func":"sla_solution","module":"metrics","request_id":null,"ok":true}
{"timestamp_start":"2025-08-24T20:53:35.422944+00:00","timestamp_end":"2025-08-24T20:53:35.426719+00:00","duration_ms":3.783,"func":"aging_buckets","module":"metrics","request_id":null,"ok":true}
{"timestamp_start":"2025-08-24T20:53:35.430935+00:00","timestamp_end":"2025-08-24T20:53:35.431906+00:00","duration_ms":0.975,"func":"composition","module":"metrics","request_id":null,"ok":true}
{"timestamp_start":"2025-08-24T20:53:35.436533+00:00","timestamp_end":"2025-08-24T20:53:35.437349+00:00","duration_ms":0.819,"func":"load_by_assignee","module":"metrics","request_id":null,"ok":true}
{"timestamp_start":"2025-08-24T20:53:35.443621+00:00","timestamp_end":"2025-08-24T20:53:35.443678+00:00","duration_ms":0.058,"func":"business_hours_between","module":"metrics","request_id":null,"ok":true}
{"timestamp_start":"2025-08-24T20:53:35.447800+00:00","timestamp_end":"2025-08-24T20:53:35.447864+00:00","duration_ms":0.066,"func":"business_hours_between","module":"metrics","request_id":null,"ok":true}
{"timestamp_start":"2025-08-24T20:53:35.451491+00:00","timestamp_end":"2025-08-24T20:53:35.451537+00:00","duration_ms":0.047,"func":"business_hours_between","module":"metrics","request_id":null,"ok":true}
{"timestamp_start":"2025-08-24T20:53:35.455528+00:00","timestamp_end":"2025-08-24T20:53:35.455606+00:00","duration_ms":0.08,"func":"business_hours_between","module":"metrics","request_id":null,"ok":true}
{"timestamp_start":"2025-08-24T20:53:35.458988+00:00","timestamp_end":"2025-08-24T20:53:35.459105+00:00","duration_ms":0.121,"func":"business_hours_between","module":"metrics","request_id":null,"ok":true}
{"timestamp_start":"2025-08-24T20:53:35.462816+00:00","timestamp_end":"2025-08-24T20:53:35.462878+00:00","duration_ms":0.064,"func":"business_hours_between","module":"metrics","request_id":null,"ok":true}
{"timestamp_start":"2025-08-24T20:53:35.466948+00:00","timestamp_end":"2025-08-24T20:53:35.466995+00:00","duration_ms":0.048,"func":"business_hours_between","module":"metrics","request_id":null,"ok":true}
{"timestamp_start":"2025-08-24T20:53:35.470118+00:00","timestamp_end":"2025-08-24T20:53:35.470296+00:00","duration_ms":0.183,"func":"business_hours_between","module":"metrics","request_id":null,"ok":true}
{"timestamp_start":"2025-08-24T20:53:35.473522+00:00","timestamp_end":"2025-08-24T20:53:35.473578+00:00","duration_ms":0.057,"func":"business_hours_between","module":"metrics","request_id":null,"ok":true}
{"timestamp_start":"2025-08-24T20:53:35.477042+00:00","timestamp_end":"2025-08-24T20:53:35.477118+00:00","duration_ms":0.078,"func":"business_hours_between","module":"metrics","request_id":null,"ok":true}
{"timestamp_start":"2025-08-24T20:53:35.480074+00:00","timestamp_end":"2025-08-24T20:53:35.480150+00:00","duration_ms":0.078,"func":"business_hours_between","module":"metrics","request_id":null,"ok":true}
{"timestamp_start":"2025-08-24T20:53:35.484228+00:00","timestamp_end":"2025-08-24T20:53:35.484283+00:00","duration_ms":0.056,"func":"business_hours_between","module":"metrics","request_id":null,"ok":true}
{"timestamp_start":"2025-08-24T20:53:35.486685+00:00","timestamp_end":"2025-08-24T20:53:35.486756+00:00","duration_ms":0.073,"func":"business_hours_between","module":"metrics","request_id":null,"ok":true}
{"timestamp_start":"2025-08-24T20:53:35.489482+00:00","timestamp_end":"2025-08-24T20:53:35.489552+00:00","duration_ms":0.072,"func":"business_hours_between","module":"metrics","request_id":null,"ok":true}
{"timestamp_start":"2025-08-24T20:53:35.492256+00:00","timestamp_end":"2025-08-24T20:53:35.492374+00:00","duration_ms":0.122,"func":"business_hours_between","module":"metrics","request_id":null,"ok":true}
{"timestamp_start":"2025-08-24T20:53:35.496006+00:00","timestamp_end":"2025-08-24T20:53:35.496131+00:00","duration_ms":0.13,"func":"business_hours_between","module":"metrics","request_id":null,"ok":true}
{"timestamp_start":"2025-08-24T20:53:35.499999+00:00","timestamp_end":"2025-08-24T20:53:35.500077+00:00","duration_ms":0.08,"func":"business_hours_between","module":"metrics","request_id":null,"ok":true}
{"timestamp_start":"2025-08-24T20:53:35.506172+00:00","timestamp_end":"2025-08-24T20:53:35.506291+00:00","duration_ms":0.122,"func":"business_hours_between","module":"metrics","request_id":null,"ok":true}
{"timestamp_start":"2025-08-24T20:53:35.509673+00:00","timestamp_end":"2025-08-24T20:53:35.509912+00:00","duration_ms":0.245,"func":"business_hours_between","module":"metrics","request_id":null,"ok":true}
{"timestamp_start":"2025-08-24T20:53:35.513928+00:00","timestamp_end":"2025-08-24T20:53:35.513990+00:00","duration_ms":0.063,"func":"business_hours_between","module":"metrics","request_id":null,"ok":true}
{"timestamp_start":"2025-08-24T20:53:35.518591+00:00","timestamp_end":"2025-08-24T20:53:35.518765+00:00","duration_ms":0.181,"func":"business_hours_between","module":"metrics","request_id":null,"ok":true}
{"timestamp_start":"2025-08-24T20:53:35.521920+00:00","timestamp_end":"2025-08-24T20:53:35.521997+00:00","duration_ms":0.079,"func":"business_hours_between","module":"metrics","request_id":null,"ok":true}
{"timestamp_start":"2025-08-24T20:53:35.525014+00:00","timestamp_end":"2025-08-24T20:53:35.525159+00:00","duration_ms":0.152,"func":"business_hours_between","module":"metrics","request_id":null,"ok":true}
{"timestamp_start":"2025-08-24T20:53:35.528483+00:00","timestamp_end":"2025-08-24T20:53:35.528564+00:00","duration_ms":0.083,"func":"business_hours_between","module":"metrics","request_id":null,"ok":true}
{"timestamp_start":"2025-08-24T20:53:35.532931+00:00","timestamp_end":"2025-08-24T20:53:35.533004+00:00","duration_ms":0.075,"func":"business_hours_between","module":"metrics","request_id":null,"ok":true}
{"timestamp_start":"2025-08-24T20:53:35.537069+00:00","timestamp_end":"2025-08-24T20:53:35.537155+00:00","duration_ms":0.089,"func":"business_hours_between","module":"metrics","request_id":null,"ok":true}
{"timestamp_start":"2025-08-24T20:53:35.540097+00:00","timestamp_end":"2025-08-24T20:53:35.540204+00:00","duration_ms":0.113,"func":"business_hours_between","module":"metrics","request_id":null,"ok":true}
{"timestamp_start":"2025-08-24T20:53:35.543864+00:00","timestamp_end":"2025-08-24T20:53:35.543944+00:00","duration_ms":0.082,"func":"business_hours_between","module":"metrics","request_id":null,"ok":true}
{"timestamp_start":"2025-08-24T20:53:35.548793+00:00","timestamp_end":"2025-08-24T20:53:35.548902+00:00","duration_ms":0.112,"func":"business_hours_between","module":"metrics","request_id":null,"ok":true}
{"timestamp_start":"2025-08-24T20:53:35.552699+00:00","timestamp_end":"2025-08-24T20:53:35.552796+00:00","duration_ms":0.099,"func":"business_hours_between","module":"metrics","request_id":null,"ok":true}
{"timestamp_start":"2025-08-24T20:53:35.556480+00:00","timestamp_end":"2025-08-24T20:53:35.556574+00:00","duration_ms":0.096,"func":"business_hours_between","module":"metrics","request_id":null,"ok":true}
{"timestamp_start":"2025-08-24T20:53:35.560534+00:00","timestamp_end":"2025-08-24T20:53:35.560629+00:00","duration_ms":0.099,"func":"business_hours_between","module":"metrics","request_id":null,"ok":true}
{"timestamp_start":"2025-08-24T20:53:35.564007+00:00","timestamp_end":"2025-08-24T20:53:35.564082+00:00","duration_ms":0.077,"func":"business_hours_between","module":"metrics","request_id":null,"ok":true}
{"timestamp_start":"2025-08-24T20:53:35.567414+00:00","timestamp_end":"2025-08-24T20:53:35.567493+00:00","duration_ms":0.081,"func":"business_hours_between","module":"metrics","request_id":null,"ok":true}
{"timestamp_start":"2025-08-24T20:53:35.570774+00:00","timestamp_end":"2025-08-24T20:53:35.570837+00:00","duration_ms":0.064,"func":"business_hours_between","module":"metrics","request_id":null,"ok":true}
{"timestamp_start":"2025-08-24T20:53:35.575010+00:00","timestamp_end":"2025-08-24T20:53:35.575188+00:00","duration_ms":0.182,"func":"business_hours_between","module":"metrics","request_id":null,"ok":true}
{"timestamp_start":"2025-08-24T20:53:35.578802+00:00","timestamp_end":"2025-08-24T20:53:35.578875+00:00","duration_ms":0.075,"func":"business_hours_between","module":"metrics","request_id":null,"ok":true}
{"timestamp_start":"2025-08-24T20:53:35.582365+00:00","timestamp_end":"2025-08-24T20:53:35.582444+00:00","duration_ms":0.08,"func":"business_hours_between","module":"metrics","request_id":null,"ok":true}
{"timestamp_start":"2025-08-24T20:53:35.585650+00:00","timestamp_end":"2025-08-24T20:53:35.585744+00:00","duration_ms":0.096,"func":"business_hours_between","module":"metrics","request_id":null,"ok":true}
{"timestamp_start":"2025-08-24T20:53:35.589620+00:00","timestamp_end":"2025-08-24T20:53:35.590134+00:00","duration_ms":0.518,"func":"business_hours_between","module":"metrics","request_id":null,"ok":true}
{"timestamp_start":"2025-08-24T20:53:35.593602+00:00","timestamp_end":"2025-08-24T20:53:35.593690+00:00","duration_ms":0.09,"func":"business_hours_between","module":"metrics","request_id":null,"ok":true}
{"timestamp_start":"2025-08-24T20:53:35.597480+00:00","timestamp_end":"2025-08-24T20:53:35.597560+00:00","duration_ms":0.082,"func":"business_hours_between","module":"metrics","request_id":null,"ok":true}
{"timestamp_start":"2025-08-24T20:53:35.600868+00:00","timestamp_end":"2025-08-24T20:53:35.600914+00:00","duration_ms":0.047,"func":"business_hours_between","module":"metrics","request_id":null,"ok":true}
{"timestamp_start":"2025-08-24T20:53:35.604618+00:00","timestamp_end":"2025-08-24T20:53:35.604684+00:00","duration_ms":0.067,"func":"business_hours_between","module":"metrics","request_id":null,"ok":true}
{"timestamp_start":"2025-08-24T20:53:35.608726+00:00","timestamp_end":"2025-08-24T20:53:35.608960+00:00","duration_ms":0.24,"func":"business_hours_between","module":"metrics","request_id":null,"ok":true}
{"timestamp_start":"2025-08-24T20:53:35.612024+00:00","timestamp_end":"2025-08-24T20:53:35.612083+00:00","duration_ms":0.06,"func":"business_hours_between","module":"metrics","request_id":null,"ok":true}
{"timestamp_start":"2025-08-24T20:53:35.615554+00:00","timestamp_end":"2025-08-24T20:53:35.615609+00:00","duration_ms":0.057,"func":"business_hours_between","module":"metrics","request_id":null,"ok":true}
{"timestamp_start":"2025-08-24T20:53:35.619346+00:00","timestamp_end":"2025-08-24T20:53:35.619397+00:00","duration_ms":0.052,"func":"business_hours_between","module":"metrics","request_id":null,"ok":true}
{"timestamp_start":"2025-08-24T20:53:35.622138+00:00","timestamp_end":"2025-08-24T20:53:35.622207+00:00","duration_ms":0.071,"func":"business_hours_between","module":"metrics","request_id":null,"ok":true}
{"timestamp_start":"2025-08-24T20:53:35.625995+00:00","timestamp_end":"2025-08-24T20:53:35.626145+00:00","duration_ms":0.153,"func":"business_hours_between","module":"metrics","request_id":null,"ok":true}
{"timestamp_start":"2025-08-24T20:53:35.630069+00:00","timestamp_end":"2025-08-24T20:53:35.630116+00:00","duration_ms":0.05,"func":"business_hours_between","module":"metrics","request_id":null,"ok":true}
{"timestamp_start":"2025-08-24T20:53:35.633429+00:00","timestamp_end":"2025-08-24T20:53:35.633473+00:00","duration_ms":0.046,"func":"business_hours_between","module":"metrics","request_id":null,"ok":true}
{"timestamp_start":"2025-08-24T20:53:35.636074+00:00","timestamp_end":"2025-08-24T20:53:35.636126+00:00","duration_ms":0.054,"func":"business_hours_between","module":"metrics","request_id":null,"ok":true}
{"timestamp_start":"2025-08-24T20:53:35.638638+00:00","timestamp_end":"2025-08-24T20:53:35.638800+00:00","duration_ms":0.166,"func":"business_hours_between","module":"metrics","request_id":null,"ok":true}
{"timestamp_start":"2025-08-24T20:53:35.642213+00:00","timestamp_end":"2025-08-24T20:53:35.642335+00:00","duration_ms":0.126,"func":"business_hours_between","module":"metrics","request_id":null,"ok":true}
{"timestamp_start":"2025-08-24T20:53:35.645983+00:00","timestamp_end":"2025-08-24T20:53:35.646090+00:00","duration_ms":0.111,"func":"business_hours_between","module":"metrics","request_id":null,"ok":true}
{"timestamp_start":"2025-08-24T20:53:35.649211+00:00","timestamp_end":"2025-08-24T20:53:35.649342+00:00","duration_ms":0.134,"func":"business_hours_between","module":"metrics","request_id":null,"ok":true}
{"timestamp_start":"2025-08-24T20:53:35.653120+00:00","timestamp_end":"2025-08-24T20:53:35.653194+00:00","duration_ms":0.077,"func":"business_hours_between","module":"metrics","request_id":null,"ok":true}
{"timestamp_start":"2025-08-24T20:53:35.656176+00:00","timestamp_end":"2025-08-24T20:53:35.656235+00:00","duration_ms":0.06,"func":"business_hours_between","module":"metrics","request_id":null,"ok":true}
{"timestamp_start":"2025-08-24T20:53:35.659821+00:00","timestamp_end":"2025-08-24T20:53:35.659904+00:00","duration_ms":0.085,"func":"business_hours_between","module":"metrics","request_id":null,"ok":true}
{"timestamp_start":"2025-08-24T20:53:35.663850+00:00","timestamp_end":"2025-08-24T20:53:35.663917+00:00","duration_ms":0.068,"func":"business_hours_between","module":"metrics","request_id":null,"ok":true}
{"timestamp_start":"2025-08-24T20:53:35.668465+00:00","timestamp_end":"2025-08-24T20:53:35.668568+00:00","duration_ms":0.105,"func":"business_hours_between","module":"metrics","request_id":null,"ok":true}
{"timestamp_start":"2025-08-24T20:53:35.672679+00:00","timestamp_end":"2025-08-24T20:53:35.672985+00:00","duration_ms":0.311,"func":"business_hours_between","module":"metrics","request_id":null,"ok":true}
{"timestamp_start":"2025-08-24T20:53:35.675796+00:00","timestamp_end":"2025-08-24T20:53:35.675930+00:00","duration_ms":0.137,"func":"business_hours_between","module":"metrics","request_id":null,"ok":true}
{"timestamp_start":"2025-08-24T20:53:35.679344+00:00","timestamp_end":"2025-08-24T20:53:35.679415+00:00","duration_ms":0.073,"func":"business_hours_between","module":"metrics","request_id":null,"ok":true}
{"timestamp_start":"2025-08-24T20:53:35.682811+00:00","timestamp_end":"2025-08-24T20:53:35.682908+00:00","duration_ms":0.099,"func":"business_hours_between","module":"metrics","request_id":null,"ok":true}
{"timestamp_start":"2025-08-24T20:53:35.686286+00:00","timestamp_end":"2025-08-24T20:53:35.686391+00:00","duration_ms":0.108,"func":"business_hours_between","module":"metrics","request_id":null,"ok":true}
{"timestamp_start":"2025-08-24T20:53:35.689631+00:00","timestamp_end":"2025-08-24T20:53:35.689727+00:00","duration_ms":0.098,"func":"business_hours_between","module":"metrics","request_id":null,"ok":true}
{"timestamp_start":"2025-08-24T20:53:35.692892+00:00","timestamp_end":"2025-08-24T20:53:35.692984+00:00","duration_ms":0.094,"func":"business_hours_between","module":"metrics","request_id":null,"ok":true}
{"timestamp_start":"2025-08-24T20:53:35.696804+00:00","timestamp_end":"2025-08-24T20:53:35.696875+00:00","duration_ms":0.072,"func":"business_hours_between","module":"metrics","request_id":null,"ok":true}
{"timestamp_start":"2025-08-24T20:53:35.700452+00:00","timestamp_end":"2025-08-24T20:53:35.700510+00:00","duration_ms":0.06,"func":"business_hours_between","module":"metrics","request_id":null,"ok":true}
{"timestamp_start":"2025-08-24T20:53:35.703461+00:00","timestamp_end":"2025-08-24T20:53:35.703551+00:00","duration_ms":0.092,"func":"business_hours_between","module":"metrics","request_id":null,"ok":true}
{"timestamp_start":"2025-08-24T20:53:35.706674+00:00","timestamp_end":"2025-08-24T20:53:35.706791+00:00","duration_ms":0.118,"func":"business_hours_between","module":"metrics","request_id":null,"ok":true}
{"timestamp_start":"2025-08-24T20:53:35.709934+00:00","timestamp_end":"2025-08-24T20:53:35.710068+00:00","duration_ms":0.137,"func":"business_hours_between","module":"metrics","request_id":null,"ok":true}
{"timestamp_start":"2025-08-24T20:53:35.713341+00:00","timestamp_end":"2025-08-24T20:53:35.713428+00:00","duration_ms":0.088,"func":"business_hours_between","module":"metrics","request_id":null,"ok":true}
{"timestamp_start":"2025-08-24T20:53:35.716468+00:00","timestamp_end":"2025-08-24T20:53:35.716588+00:00","duration_ms":0.121,"func":"business_hours_between","module":"metrics","request_id":null,"ok":true}
{"timestamp_start":"2025-08-24T20:53:35.720218+00:00","timestamp_end":"2025-08-24T20:53:35.720293+00:00","duration_ms":0.076,"func":"business_hours_between","module":"metrics","request_id":null,"ok":true}
{"timestamp_start":"2025-08-24T20:53:35.723562+00:00","timestamp_end":"2025-08-24T20:53:35.723686+00:00","duration_ms":0.127,"func":"business_hours_between","module":"metrics","request_id":null,"ok":true}
{"timestamp_start":"2025-08-24T20:53:35.726903+00:00","timestamp_end":"2025-08-24T20:53:35.727028+00:00","duration_ms":0.129,"func":"business_hours_between","module":"metrics","request_id":null,"ok":true}
{"timestamp_start":"2025-08-24T20:53:35.730056+00:00","timestamp_end":"2025-08-24T20:53:35.730122+00:00","duration_ms":0.068,"func":"business_hours_between","module":"metrics","request_id":null,"ok":true}
{"timestamp_start":"2025-08-24T20:53:35.733370+00:00","timestamp_end":"2025-08-24T20:53:35.733416+00:00","duration_ms":0.058,"func":"business_hours_between","module":"metrics","request_id":null,"ok":true}
{"timestamp_start":"2025-08-24T20:53:35.736435+00:00","timestamp_end":"2025-08-24T20:53:35.736710+00:00","duration_ms":0.276,"func":"business_hours_between","module":"metrics","request_id":null,"ok":true}
{"timestamp_start":"2025-08-24T20:53:35.740550+00:00","timestamp_end":"2025-08-24T20:53:35.740669+00:00","duration_ms":0.124,"func":"business_hours_between","module":"metrics","request_id":null,"ok":true}
{"timestamp_start":"2025-08-24T20:53:35.744029+00:00","timestamp_end":"2025-08-24T20:53:35.744109+00:00","duration_ms":0.083,"func":"business_hours_between","module":"metrics","request_id":null,"ok":true}
{"timestamp_start":"2025-08-24T20:53:35.747375+00:00","timestamp_end":"2025-08-24T20:53:35.747436+00:00","duration_ms":0.063,"func":"business_hours_between","module":"metrics","request_id":null,"ok":true}
{"timestamp_start":"2025-08-24T20:53:35.442472+00:00","timestamp_end":"2025-08-24T20:53:35.751878+00:00","duration_ms":309.416,"func":"resolution_time_series","module":"metrics","request_id":null,"ok":true}
{"timestamp_start":"2025-08-24T20:53:46.995297+00:00","timestamp_end":"2025-08-24T20:53:47.036890+00:00","duration_ms":41.598,"func":"_get","module":"glpi_client","request_id":null,"ok":true}
{"timestamp_start":"2025-08-24T20:53:46.551816+00:00","timestamp_end":"2025-08-24T20:53:47.043431+00:00","duration_ms":491.622,"func":"init_session","module":"glpi_client","request_id":null,"ok":true}
{"timestamp_start":"2025-08-24T20:53:47.051260+00:00","timestamp_end":"2025-08-24T20:53:47.112420+00:00","duration_ms":61.165,"func":"_get","module":"glpi_client","request_id":null,"ok":true}
{"timestamp_start":"2025-08-24T20:53:47.051255+00:00","timestamp_end":"2025-08-24T20:53:47.116214+00:00","duration_ms":64.962,"func":"list_search_options","module":"glpi_client","request_id":null,"ok":true}
{"timestamp_start":"2025-08-24T20:53:47.124342+00:00","timestamp_end":"2025-08-24T20:53:47.167354+00:00","duration_ms":43.02,"func":"try_get_group_name","module":"glpi_client","request_id":null,"ok":true}
{"timestamp_start":"2025-08-24T20:53:47.175107+00:00","timestamp_end":"2025-08-24T20:53:47.355083+00:00","duration_ms":179.98,"func":"_get","module":"glpi_client","request_id":null,"ok":true}
{"timestamp_start":"2025-08-24T20:53:47.175097+00:00","timestamp_end":"2025-08-24T20:53:47.367582+00:00","duration_ms":192.493,"func":"raw_search","module":"glpi_client","request_id":null,"ok":true}
{"timestamp_start":"2025-08-24T20:53:47.051243+00:00","timestamp_end":"2025-08-24T20:53:47.385142+00:00","duration_ms":333.905,"func":"bulk_search_observer_tickets","module":"data_access","request_id":null,"ok":true}
{"timestamp_start":"2025-08-24T20:53:47.392383+00:00","timestamp_end":"2025-08-24T20:53:47.394696+00:00","duration_ms":2.316,"func":"normalize_ticket_df","module":"metrics","request_id":null,"ok":true}
{"timestamp_start":"2025-08-24T20:53:47.397505+00:00","timestamp_end":"2025-08-24T20:53:47.435747+00:00","duration_ms":38.246,"func":"_get","module":"glpi_client","request_id":null,"ok":true}
{"timestamp_start":"2025-08-24T20:53:47.397497+00:00","timestamp_end":"2025-08-24T20:53:47.447710+00:00","duration_ms":50.22,"func":"kill_session","module":"glpi_client","request_id":null,"ok":true}
{"timestamp_start":"2025-08-24T20:53:47.457920+00:00","timestamp_end":"2025-08-24T20:53:47.461636+00:00","duration_ms":3.723,"func":"created_resolved","module":"metrics","request_id":null,"ok":true}
{"timestamp_start":"2025-08-24T20:53:47.473163+00:00","timestamp_end":"2025-08-24T20:53:47.475728+00:00","duration_ms":2.572,"func":"backlog_trend_series","module":"metrics","request_id":null,"ok":true}
{"timestamp_start":"2025-08-24T20:53:47.483318+00:00","timestamp_end":"2025-08-24T20:53:47.484226+00:00","duration_ms":0.911,"func":"backlog_status","module":"metrics","request_id":null,"ok":true}
{"timestamp_start":"2025-08-24T20:53:47.490203+00:00","timestamp_end":"2025-08-24T20:53:47.493294+00:00","duration_ms":3.096,"func":"sla_solution","module":"metrics","request_id":null,"ok":true}
{"timestamp_start":"2025-08-24T20:53:47.498606+00:00","timestamp_end":"2025-08-24T20:53:47.500762+00:00","duration_ms":2.167,"func":"aging_buckets","module":"metrics","request_id":null,"ok":true}
{"timestamp_start":"2025-08-24T20:53:47.506781+00:00","timestamp_end":"2025-08-24T20:53:47.508018+00:00","duration_ms":1.241,"func":"composition","module":"metrics","request_id":null,"ok":true}
{"timestamp_start":"2025-08-24T20:53:47.514008+00:00","timestamp_end":"2025-08-24T20:53:47.514675+00:00","duration_ms":0.67,"func":"load_by_assignee","module":"metrics","request_id":null,"ok":true}
{"timestamp_start":"2025-08-24T20:53:47.522403+00:00","timestamp_end":"2025-08-24T20:53:47.522453+00:00","duration_ms":0.051,"func":"business_hours_between","module":"metrics","request_id":null,"ok":true}
{"timestamp_start":"2025-08-24T20:53:47.527964+00:00","timestamp_end":"2025-08-24T20:53:47.528052+00:00","duration_ms":0.091,"func":"business_hours_between","module":"metrics","request_id":null,"ok":true}
{"timestamp_start":"2025-08-24T20:53:47.533709+00:00","timestamp_end":"2025-08-24T20:53:47.533765+00:00","duration_ms":0.057,"func":"business_hours_between","module":"metrics","request_id":null,"ok":true}
{"timestamp_start":"2025-08-24T20:53:47.538175+00:00","timestamp_end":"2025-08-24T20:53:47.538241+00:00","duration_ms":0.068,"func":"business_hours_between","module":"metrics","request_id":null,"ok":true}
{"timestamp_start":"2025-08-24T20:53:47.543906+00:00","timestamp_end":"2025-08-24T20:53:47.543984+00:00","duration_ms":0.08,"func":"business_hours_between","module":"metrics","request_id":null,"ok":true}
{"timestamp_start":"2025-08-24T20:53:47.551217+00:00","timestamp_end":"2025-08-24T20:53:47.551284+00:00","duration_ms":0.069,"func":"business_hours_between","module":"metrics","request_id":null,"ok":true}
{"timestamp_start":"2025-08-24T20:53:47.556833+00:00","timestamp_end":"2025-08-24T20:53:47.556878+00:00","duration_ms":0.047,"func":"business_hours_between","module":"metrics","request_id":null,"ok":true}
{"timestamp_start":"2025-08-24T20:53:47.564856+00:00","timestamp_end":"2025-08-24T20:53:47.564938+00:00","duration_ms":0.084,"func":"business_hours_between","module":"metrics","request_id":null,"ok":true}
{"timestamp_start":"2025-08-24T20:53:47.574281+00:00","timestamp_end":"2025-08-24T20:53:47.574441+00:00","duration_ms":0.166,"func":"business_hours_between","module":"metrics","request_id":null,"ok":true}
{"timestamp_start":"2025-08-24T20:53:47.578397+00:00","timestamp_end":"2025-08-24T20:53:47.578465+00:00","duration_ms":0.07,"func":"business_hours_between","module":"metrics","request_id":null,"ok":true}
{"timestamp_start":"2025-08-24T20:53:47.584238+00:00","timestamp_end":"2025-08-24T20:53:47.584290+00:00","duration_ms":0.054,"func":"business_hours_between","module":"metrics","request_id":null,"ok":true}
{"timestamp_start":"2025-08-24T20:53:47.588361+00:00","timestamp_end":"2025-08-24T20:53:47.588410+00:00","duration_ms":0.051,"func":"business_hours_between","module":"metrics","request_id":null,"ok":true}
{"timestamp_start":"2025-08-24T20:53:47.593186+00:00","timestamp_end":"2025-08-24T20:53:47.593263+00:00","duration_ms":0.08,"func":"business_hours_between","module":"metrics","request_id":null,"ok":true}
{"timestamp_start":"2025-08-24T20:53:47.603757+00:00","timestamp_end":"2025-08-24T20:53:47.603837+00:00","duration_ms":0.083,"func":"business_hours_between","module":"metrics","request_id":null,"ok":true}
{"timestamp_start":"2025-08-24T20:53:47.608102+00:00","timestamp_end":"2025-08-24T20:53:47.608264+00:00","duration_ms":0.167,"func":"business_hours_between","module":"metrics","request_id":null,"ok":true}
{"timestamp_start":"2025-08-24T20:53:47.611846+00:00","timestamp_end":"2025-08-24T20:53:47.611930+00:00","duration_ms":0.086,"func":"business_hours_between","module":"metrics","request_id":null,"ok":true}
{"timestamp_start":"2025-08-24T20:53:47.615079+00:00","timestamp_end":"2025-08-24T20:53:47.615151+00:00","duration_ms":0.073,"func":"business_hours_between","module":"metrics","request_id":null,"ok":true}
{"timestamp_start":"2025-08-24T20:53:47.618455+00:00","timestamp_end":"2025-08-24T20:53:47.618522+00:00","duration_ms":0.068,"func":"business_hours_between","module":"metrics","request_id":null,"ok":true}
{"timestamp_start":"2025-08-24T20:53:47.622211+00:00","timestamp_end":"2025-08-24T20:53:47.622282+00:00","duration_ms":0.072,"func":"business_hours_between","module":"metrics","request_id":null,"ok":true}
{"timestamp_start":"2025-08-24T20:53:47.625360+00:00","timestamp_end":"2025-08-24T20:53:47.625434+00:00","duration_ms":0.077,"func":"business_hours_between","module":"metrics","request_id":null,"ok":true}
{"timestamp_start":"2025-08-24T20:53:47.628611+00:00","timestamp_end":"2025-08-24T20:53:47.628677+00:00","duration_ms":0.067,"func":"business_hours_between","module":"metrics","request_id":null,"ok":true}
{"timestamp_start":"2025-08-24T20:53:47.632098+00:00","timestamp_end":"2025-08-24T20:53:47.632133+00:00","duration_ms":0.036,"func":"business_hours_between","module":"metrics","request_id":null,"ok":true}
{"timestamp_start":"2025-08-24T20:53:47.635351+00:00","timestamp_end":"2025-08-24T20:53:47.635384+00:00","duration_ms":0.034,"func":"business_hours_between","module":"metrics","request_id":null,"ok":true}
{"timestamp_start":"2025-08-24T20:53:47.639126+00:00","timestamp_end":"2025-08-24T20:53:47.639188+00:00","duration_ms":0.063,"func":"business_hours_between","module":"metrics","request_id":null,"ok":true}
{"timestamp_start":"2025-08-24T20:53:47.642935+00:00","timestamp_end":"2025-08-24T20:53:47.643014+00:00","duration_ms":0.081,"func":"business_hours_between","module":"metrics","request_id":null,"ok":true}
{"timestamp_start":"2025-08-24T20:53:47.646251+00:00","timestamp_end":"2025-08-24T20:53:47.646309+00:00","duration_ms":0.059,"func":"business_hours_between","module":"metrics","request_id":null,"ok":true}
{"timestamp_start":"2025-08-24T20:53:47.650011+00:00","timestamp_end":"2025-08-24T20:53:47.650046+00:00","duration_ms":0.037,"func":"business_hours_between","module":"metrics","request_id":null,"ok":true}
{"timestamp_start":"2025-08-24T20:53:47.654262+00:00","timestamp_end":"2025-08-24T20:53:47.654323+00:00","duration_ms":0.063,"func":"business_hours_between","module":"metrics","request_id":null,"ok":true}
{"timestamp_start":"2025-08-24T20:53:47.657947+00:00","timestamp_end":"2025-08-24T20:53:47.658074+00:00","duration_ms":0.152,"func":"business_hours_between","module":"metrics","request_id":null,"ok":true}
{"timestamp_start":"2025-08-24T20:53:47.662150+00:00","timestamp_end":"2025-08-24T20:53:47.662224+00:00","duration_ms":0.075,"func":"business_hours_between","module":"metrics","request_id":null,"ok":true}
{"timestamp_start":"2025-08-24T20:53:47.666412+00:00","timestamp_end":"2025-08-24T20:53:47.666471+00:00","duration_ms":0.06,"func":"business_hours_between","module":"metrics","request_id":null,"ok":true}
{"timestamp_start":"2025-08-24T20:53:47.670038+00:00","timestamp_end":"2025-08-24T20:53:47.670073+00:00","duration_ms":0.037,"func":"business_hours_between","module":"metrics","request_id":null,"ok":true}
{"timestamp_start":"2025-08-24T20:53:47.674134+00:00","timestamp_end":"2025-08-24T20:53:47.674321+00:00","duration_ms":0.193,"func":"business_hours_between","module":"metrics","request_id":null,"ok":true}
{"timestamp_start":"2025-08-24T20:53:47.679098+00:00","timestamp_end":"2025-08-24T20:53:47.679171+00:00","duration_ms":0.076,"func":"business_hours_between","module":"metrics","request_id":null,"ok":true}
{"timestamp_start":"2025-08-24T20:53:47.683017+00:00","timestamp_end":"2025-08-24T20:53:47.683062+00:00","duration_ms":0.046,"func":"business_hours_between","module":"metrics","request_id":null,"ok":true}
{"timestamp_start":"2025-08-24T20:53:47.686523+00:00","timestamp_end":"2025-08-24T20:53:47.686605+00:00","duration_ms":0.084,"func":"business_hours_between","module":"metrics","request_id":null,"ok":true}
{"timestamp_start":"2025-08-24T20:53:47.690995+00:00","timestamp_end":"2025-08-24T20:53:47.691190+00:00","duration_ms":0.199,"func":"business_hours_between","module":"metrics","request_id":null,"ok":true}
{"timestamp_start":"2025-08-24T20:53:47.695197+00:00","timestamp_end":"2025-08-24T20:53:47.695303+00:00","duration_ms":0.108,"func":"business_hours_between","module":"metrics","request_id":null,"ok":true}
{"timestamp_start":"2025-08-24T20:53:47.698936+00:00","timestamp_end":"2025-08-24T20:53:47.698981+00:00","duration_ms":0.046,"func":"business_hours_between","module":"metrics","request_id":null,"ok":true}
{"timestamp_start":"2025-08-24T20:53:47.702357+00:00","timestamp_end":"2025-08-24T20:53:47.702534+00:00","duration_ms":0.179,"func":"business_hours_between","module":"metrics","request_id":null,"ok":true}
{"timestamp_start":"2025-08-24T20:53:47.705864+00:00","timestamp_end":"2025-08-24T20:53:47.705912+00:00","duration_ms":0.049,"func":"business_hours_between","module":"metrics","request_id":null,"ok":true}
{"timestamp_start":"2025-08-24T20:53:47.711231+00:00","timestamp_end":"2025-08-24T20:53:47.711320+00:00","duration_ms":0.091,"func":"business_hours_between","module":"metrics","request_id":null,"ok":true}
{"timestamp_start":"2025-08-24T20:53:47.714262+00:00","timestamp_end":"2025-08-24T20:53:47.714314+00:00","duration_ms":0.054,"func":"business_hours_between","module":"metrics","request_id":null,"ok":true}
{"timestamp_start":"2025-08-24T20:53:47.719785+00:00","timestamp_end":"2025-08-24T20:53:47.719845+00:00","duration_ms":0.061,"func":"business_hours_between","module":"metrics","request_id":null,"ok":true}
{"timestamp_start":"2025-08-24T20:53:47.725382+00:00","timestamp_end":"2025-08-24T20:53:47.725522+00:00","duration_ms":0.144,"func":"business_hours_between","module":"metrics","request_id":null,"ok":true}
{"timestamp_start":"2025-08-24T20:53:47.729786+00:00","timestamp_end":"2025-08-24T20:53:47.729863+00:00","duration_ms":0.079,"func":"business_hours_between","module":"metrics","request_id":null,"ok":true}
{"timestamp_start":"2025-08-24T20:53:47.736342+00:00","timestamp_end":"2025-08-24T20:53:47.736392+00:00","duration_ms":0.052,"func":"business_hours_between","module":"metrics","request_id":null,"ok":true}
{"timestamp_start":"2025-08-24T20:53:47.740900+00:00","timestamp_end":"2025-08-24T20:53:47.741076+00:00","duration_ms":0.182,"func":"business_hours_between","module":"metrics","request_id":null,"ok":true}
{"timestamp_start":"2025-08-24T20:53:47.744477+00:00","timestamp_end":"2025-08-24T20:53:47.744546+00:00","duration_ms":0.072,"func":"business_hours_between","module":"metrics","request_id":null,"ok":true}
{"timestamp_start":"2025-08-24T20:53:47.747371+00:00","timestamp_end":"2025-08-24T20:53:47.747416+00:00","duration_ms":0.047,"func":"business_hours_between","module":"metrics","request_id":null,"ok":true}
{"timestamp_start":"2025-08-24T20:53:47.750384+00:00","timestamp_end":"2025-08-24T20:53:47.750421+00:00","duration_ms":0.037,"func":"business_hours_between","module":"metrics","request_id":null,"ok":true}
{"timestamp_start":"2025-08-24T20:53:47.753557+00:00","timestamp_end":"2025-08-24T20:53:47.753586+00:00","duration_ms":0.03,"func":"business_hours_between","module":"metrics","request_id":null,"ok":true}
{"timestamp_start":"2025-08-24T20:53:47.756397+00:00","timestamp_end":"2025-08-24T20:53:47.756505+00:00","duration_ms":0.113,"func":"business_hours_between","module":"metrics","request_id":null,"ok":true}
{"timestamp_start":"2025-08-24T20:53:47.759946+00:00","timestamp_end":"2025-08-24T20:53:47.760038+00:00","duration_ms":0.094,"func":"business_hours_between","module":"metrics","request_id":null,"ok":true}
{"timestamp_start":"2025-08-24T20:53:47.764128+00:00","timestamp_end":"2025-08-24T20:53:47.764171+00:00","duration_ms":0.044,"func":"business_hours_between","module":"metrics","request_id":null,"ok":true}
{"timestamp_start":"2025-08-24T20:53:47.767040+00:00","timestamp_end":"2025-08-24T20:53:47.767088+00:00","duration_ms":0.049,"func":"business_hours_between","module":"metrics","request_id":null,"ok":true}
{"timestamp_start":"2025-08-24T20:53:47.771073+00:00","timestamp_end":"2025-08-24T20:53:47.771160+00:00","duration_ms":0.09,"func":"business_hours_between","module":"metrics","request_id":null,"ok":true}
{"timestamp_start":"2025-08-24T20:53:47.773594+00:00","timestamp_end":"2025-08-24T20:53:47.773708+00:00","duration_ms":0.117,"func":"business_hours_between","module":"metrics","request_id":null,"ok":true}
{"timestamp_start":"2025-08-24T20:53:47.777004+00:00","timestamp_end":"2025-08-24T20:53:47.777091+00:00","duration_ms":0.089,"func":"business_hours_between","module":"metrics","request_id":null,"ok":true}
{"timestamp_start":"2025-08-24T20:53:47.780706+00:00","timestamp_end":"2025-08-24T20:53:47.780782+00:00","duration_ms":0.077,"func":"business_hours_between","module":"metrics","request_id":null,"ok":true}
{"timestamp_start":"2025-08-24T20:53:47.784291+00:00","timestamp_end":"2025-08-24T20:53:47.784334+00:00","duration_ms":0.043,"func":"business_hours_between","module":"metrics","request_id":null,"ok":true}
{"timestamp_start":"2025-08-24T20:53:47.787208+00:00","timestamp_end":"2025-08-24T20:53:47.787259+00:00","duration_ms":0.052,"func":"business_hours_between","module":"metrics","request_id":null,"ok":true}
{"timestamp_start":"2025-08-24T20:53:47.791045+00:00","timestamp_end":"2025-08-24T20:53:47.791178+00:00","duration_ms":0.136,"func":"business_hours_between","module":"metrics","request_id":null,"ok":true}
{"timestamp_start":"2025-08-24T20:53:47.794106+00:00","timestamp_end":"2025-08-24T20:53:47.794187+00:00","duration_ms":0.084,"func":"business_hours_between","module":"metrics","request_id":null,"ok":true}
{"timestamp_start":"2025-08-24T20:53:47.797613+00:00","timestamp_end":"2025-08-24T20:53:47.797660+00:00","duration_ms":0.048,"func":"business_hours_between","module":"metrics","request_id":null,"ok":true}
{"timestamp_start":"2025-08-24T20:53:47.800765+00:00","timestamp_end":"2025-08-24T20:53:47.800803+00:00","duration_ms":0.039,"func":"business_hours_between","module":"metrics","request_id":null,"ok":true}
{"timestamp_start":"2025-08-24T20:53:47.804728+00:00","timestamp_end":"2025-08-24T20:53:47.804792+00:00","duration_ms":0.065,"func":"business_hours_between","module":"metrics","request_id":null,"ok":true}
{"timestamp_start":"2025-08-24T20:53:47.808643+00:00","timestamp_end":"2025-08-24T20:53:47.808752+00:00","duration_ms":0.112,"func":"business_hours_between","module":"metrics","request_id":null,"ok":true}
{"timestamp_start":"2025-08-24T20:53:47.812715+00:00","timestamp_end":"2025-08-24T20:53:47.812844+00:00","duration_ms":0.131,"func":"business_hours_between","module":"metrics","request_id":null,"ok":true}
{"timestamp_start":"2025-08-24T20:53:47.816603+00:00","timestamp_end":"2025-08-24T20:53:47.816693+00:00","duration_ms":0.091,"func":"business_hours_between","module":"metrics","request_id":null,"ok":true}
{"timestamp_start":"2025-08-24T20:53:47.819406+00:00","timestamp_end":"2025-08-24T20:53:47.819486+00:00","duration_ms":0.083,"func":"business_hours_between","module":"metrics","request_id":null,"ok":true}
{"timestamp_start":"2025-08-24T20:53:47.822269+00:00","timestamp_end":"2025-08-24T20:53:47.822476+00:00","duration_ms":0.211,"func":"business_hours_between","module":"metrics","request_id":null,"ok":true}
{"timestamp_start":"2025-08-24T20:53:47.825183+00:00","timestamp_end":"2025-08-24T20:53:47.825366+00:00","duration_ms":0.189,"func":"business_hours_between","module":"metrics","request_id":null,"ok":true}
{"timestamp_start":"2025-08-24T20:53:47.828733+00:00","timestamp_end":"2025-08-24T20:53:47.828812+00:00","duration_ms":0.081,"func":"business_hours_between","module":"metrics","request_id":null,"ok":true}
{"timestamp_start":"2025-08-24T20:53:47.832897+00:00","timestamp_end":"2025-08-24T20:53:47.832950+00:00","duration_ms":0.055,"func":"business_hours_between","module":"metrics","request_id":null,"ok":true}
{"timestamp_start":"2025-08-24T20:53:47.836523+00:00","timestamp_end":"2025-08-24T20:53:47.836612+00:00","duration_ms":0.091,"func":"business_hours_between","module":"metrics","request_id":null,"ok":true}
{"timestamp_start":"2025-08-24T20:53:47.840095+00:00","timestamp_end":"2025-08-24T20:53:47.840154+00:00","duration_ms":0.061,"func":"business_hours_between","module":"metrics","request_id":null,"ok":true}
{"timestamp_start":"2025-08-24T20:53:47.843745+00:00","timestamp_end":"2025-08-24T20:53:47.843866+00:00","duration_ms":0.123,"func":"business_hours_between","module":"metrics","request_id":null,"ok":true}
{"timestamp_start":"2025-08-24T20:53:47.847538+00:00","timestamp_end":"2025-08-24T20:53:47.847659+00:00","duration_ms":0.121,"func":"business_hours_between","module":"metrics","request_id":null,"ok":true}
{"timestamp_start":"2025-08-24T20:53:47.850829+00:00","timestamp_end":"2025-08-24T20:53:47.851058+00:00","duration_ms":0.233,"func":"business_hours_between","module":"metrics","request_id":null,"ok":true}
{"timestamp_start":"2025-08-24T20:53:47.854720+00:00","timestamp_end":"2025-08-24T20:53:47.854834+00:00","duration_ms":0.117,"func":"business_hours_between","module":"metrics","request_id":null,"ok":true}
{"timestamp_start":"2025-08-24T20:53:47.858201+00:00","timestamp_end":"2025-08-24T20:53:47.858372+00:00","duration_ms":0.175,"func":"business_hours_between","module":"metrics","request_id":null,"ok":true}
{"timestamp_start":"2025-08-24T20:53:47.862542+00:00","timestamp_end":"2025-08-24T20:53:47.862649+00:00","duration_ms":0.11,"func":"business_hours_between","module":"metrics","request_id":null,"ok":true}
{"timestamp_start":"2025-08-24T20:53:47.865778+00:00","timestamp_end":"2025-08-24T20:53:47.865841+00:00","duration_ms":0.064,"func":"business_hours_between","module":"metrics","request_id":null,"ok":true}
{"timestamp_start":"2025-08-24T20:53:47.869795+00:00","timestamp_end":"2025-08-24T20:53:47.869846+00:00","duration_ms":0.052,"func":"business_hours_between","module":"metrics","request_id":null,"ok":true}
{"timestamp_start":"2025-08-24T20:53:47.873108+00:00","timestamp_end":"2025-08-24T20:53:47.873151+00:00","duration_ms":0.044,"func":"business_hours_between","module":"metrics","request_id":null,"ok":true}
{"timestamp_start":"2025-08-24T20:53:47.876329+00:00","timestamp_end":"2025-08-24T20:53:47.876403+00:00","duration_ms":0.077,"func":"business_hours_between","module":"metrics","request_id":null,"ok":true}
{"timestamp_start":"2025-08-24T20:53:47.879964+00:00","timestamp_end":"2025-08-24T20:53:47.880215+00:00","duration_ms":0.252,"func":"business_hours_between","module":"metrics","request_id":null,"ok":true}
{"timestamp_start":"2025-08-24T20:53:47.883151+00:00","timestamp_end":"2025-08-24T20:53:47.883190+00:00","duration_ms":0.04,"func":"business_hours_between","module":"metrics","request_id":null,"ok":true}
{"timestamp_start":"2025-08-24T20:53:47.885974+00:00","timestamp_end":"2025-08-24T20:53:47.886005+00:00","duration_ms":0.032,"func":"business_hours_between","module":"metrics","request_id":null,"ok":true}
{"timestamp_start":"2025-08-24T20:53:47.889003+00:00","timestamp_end":"2025-08-24T20:53:47.889049+00:00","duration_ms":0.048,"func":"business_hours_between","module":"metrics","request_id":null,"ok":true}
{"timestamp_start":"2025-08-24T20:53:47.521357+00:00","timestamp_end":"2025-08-24T20:53:47.893916+00:00","duration_ms":372.563,"func":"resolution_time_series","module":"metrics","request_id":null,"ok":true}
{"timestamp_start":"2025-08-24T20:55:05.453501+00:00","timestamp_end":"2025-08-24T20:55:05.520568+00:00","duration_ms":67.072,"func":"_get","module":"glpi_client","request_id":null,"ok":true}
{"timestamp_start":"2025-08-24T20:55:05.180325+00:00","timestamp_end":"2025-08-24T20:55:05.523398+00:00","duration_ms":343.08,"func":"init_session","module":"glpi_client","request_id":null,"ok":true}
{"timestamp_start":"2025-08-24T20:55:05.525734+00:00","timestamp_end":"2025-08-24T20:55:05.594207+00:00","duration_ms":68.495,"func":"_get","module":"glpi_client","request_id":null,"ok":true}
{"timestamp_start":"2025-08-24T20:55:05.525731+00:00","timestamp_end":"2025-08-24T20:55:05.597701+00:00","duration_ms":71.975,"func":"list_search_options","module":"glpi_client","request_id":null,"ok":true}
{"timestamp_start":"2025-08-24T20:55:05.600856+00:00","timestamp_end":"2025-08-24T20:55:05.691018+00:00","duration_ms":90.168,"func":"try_get_group_name","module":"glpi_client","request_id":null,"ok":true}
{"timestamp_start":"2025-08-24T20:55:05.693870+00:00","timestamp_end":"2025-08-24T20:55:05.882764+00:00","duration_ms":188.899,"func":"_get","module":"glpi_client","request_id":null,"ok":true}
{"timestamp_start":"2025-08-24T20:55:05.693860+00:00","timestamp_end":"2025-08-24T20:55:05.885815+00:00","duration_ms":191.965,"func":"raw_search","module":"glpi_client","request_id":null,"ok":true}
{"timestamp_start":"2025-08-24T20:55:05.525718+00:00","timestamp_end":"2025-08-24T20:55:05.893961+00:00","duration_ms":368.249,"func":"bulk_search_observer_tickets","module":"data_access","request_id":null,"ok":true}
{"timestamp_start":"2025-08-24T20:55:05.897128+00:00","timestamp_end":"2025-08-24T20:55:05.899758+00:00","duration_ms":2.635,"func":"normalize_ticket_df","module":"metrics","request_id":null,"ok":true}
{"timestamp_start":"2025-08-24T20:55:05.902989+00:00","timestamp_end":"2025-08-24T20:55:06.003307+00:00","duration_ms":100.321,"func":"_get","module":"glpi_client","request_id":null,"ok":true}
{"timestamp_start":"2025-08-24T20:55:05.902973+00:00","timestamp_end":"2025-08-24T20:55:06.006703+00:00","duration_ms":103.741,"func":"kill_session","module":"glpi_client","request_id":null,"ok":true}
{"timestamp_start":"2025-08-24T20:55:06.009799+00:00","timestamp_end":"2025-08-24T20:55:06.031978+00:00","duration_ms":22.184,"func":"created_resolved","module":"metrics","request_id":null,"ok":true}
{"timestamp_start":"2025-08-24T20:55:06.034951+00:00","timestamp_end":"2025-08-24T20:55:06.035822+00:00","duration_ms":0.875,"func":"backlog_trend_series","module":"metrics","request_id":null,"ok":true}
{"timestamp_start":"2025-08-24T20:55:06.039293+00:00","timestamp_end":"2025-08-24T20:55:06.041313+00:00","duration_ms":2.03,"func":"backlog_status","module":"metrics","request_id":null,"ok":true}
{"timestamp_start":"2025-08-24T20:55:06.045477+00:00","timestamp_end":"2025-08-24T20:55:06.048865+00:00","duration_ms":3.396,"func":"sla_solution","module":"metrics","request_id":null,"ok":true}
{"timestamp_start":"2025-08-24T20:55:06.053559+00:00","timestamp_end":"2025-08-24T20:55:06.056748+00:00","duration_ms":3.194,"func":"aging_buckets","module":"metrics","request_id":null,"ok":true}
{"timestamp_start":"2025-08-24T20:55:06.060306+00:00","timestamp_end":"2025-08-24T20:55:06.062697+00:00","duration_ms":2.397,"func":"composition","module":"metrics","request_id":null,"ok":true}
{"timestamp_start":"2025-08-24T20:55:06.067161+00:00","timestamp_end":"2025-08-24T20:55:06.067899+00:00","duration_ms":0.741,"func":"load_by_assignee","module":"metrics","request_id":null,"ok":true}
{"timestamp_start":"2025-08-24T20:55:06.074302+00:00","timestamp_end":"2025-08-24T20:55:06.074375+00:00","duration_ms":0.074,"func":"business_hours_between","module":"metrics","request_id":null,"ok":true}
{"timestamp_start":"2025-08-24T20:55:06.077160+00:00","timestamp_end":"2025-08-24T20:55:06.077225+00:00","duration_ms":0.067,"func":"business_hours_between","module":"metrics","request_id":null,"ok":true}
{"timestamp_start":"2025-08-24T20:55:06.080178+00:00","timestamp_end":"2025-08-24T20:55:06.080264+00:00","duration_ms":0.089,"func":"business_hours_between","module":"metrics","request_id":null,"ok":true}
{"timestamp_start":"2025-08-24T20:55:06.083125+00:00","timestamp_end":"2025-08-24T20:55:06.083189+00:00","duration_ms":0.066,"func":"business_hours_between","module":"metrics","request_id":null,"ok":true}
{"timestamp_start":"2025-08-24T20:55:06.086258+00:00","timestamp_end":"2025-08-24T20:55:06.086323+00:00","duration_ms":0.066,"func":"business_hours_between","module":"metrics","request_id":null,"ok":true}
{"timestamp_start":"2025-08-24T20:55:06.089787+00:00","timestamp_end":"2025-08-24T20:55:06.089876+00:00","duration_ms":0.092,"func":"business_hours_between","module":"metrics","request_id":null,"ok":true}
{"timestamp_start":"2025-08-24T20:55:06.092733+00:00","timestamp_end":"2025-08-24T20:55:06.092803+00:00","duration_ms":0.072,"func":"business_hours_between","module":"metrics","request_id":null,"ok":true}
{"timestamp_start":"2025-08-24T20:55:06.095986+00:00","timestamp_end":"2025-08-24T20:55:06.096083+00:00","duration_ms":0.1,"func":"business_hours_between","module":"metrics","request_id":null,"ok":true}
{"timestamp_start":"2025-08-24T20:55:06.099349+00:00","timestamp_end":"2025-08-24T20:55:06.099470+00:00","duration_ms":0.124,"func":"business_hours_between","module":"metrics","request_id":null,"ok":true}
{"timestamp_start":"2025-08-24T20:55:06.102989+00:00","timestamp_end":"2025-08-24T20:55:06.103083+00:00","duration_ms":0.097,"func":"business_hours_between","module":"metrics","request_id":null,"ok":true}
{"timestamp_start":"2025-08-24T20:55:06.106025+00:00","timestamp_end":"2025-08-24T20:55:06.106173+00:00","duration_ms":0.153,"func":"business_hours_between","module":"metrics","request_id":null,"ok":true}
{"timestamp_start":"2025-08-24T20:55:06.109045+00:00","timestamp_end":"2025-08-24T20:55:06.109109+00:00","duration_ms":0.065,"func":"business_hours_between","module":"metrics","request_id":null,"ok":true}
{"timestamp_start":"2025-08-24T20:55:06.112051+00:00","timestamp_end":"2025-08-24T20:55:06.112212+00:00","duration_ms":0.165,"func":"business_hours_between","module":"metrics","request_id":null,"ok":true}
{"timestamp_start":"2025-08-24T20:55:06.114977+00:00","timestamp_end":"2025-08-24T20:55:06.115067+00:00","duration_ms":0.092,"func":"business_hours_between","module":"metrics","request_id":null,"ok":true}
{"timestamp_start":"2025-08-24T20:55:06.117411+00:00","timestamp_end":"2025-08-24T20:55:06.117501+00:00","duration_ms":0.092,"func":"business_hours_between","module":"metrics","request_id":null,"ok":true}
{"timestamp_start":"2025-08-24T20:55:06.119877+00:00","timestamp_end":"2025-08-24T20:55:06.119965+00:00","duration_ms":0.089,"func":"business_hours_between","module":"metrics","request_id":null,"ok":true}
{"timestamp_start":"2025-08-24T20:55:06.121701+00:00","timestamp_end":"2025-08-24T20:55:06.121761+00:00","duration_ms":0.063,"func":"business_hours_between","module":"metrics","request_id":null,"ok":true}
{"timestamp_start":"2025-08-24T20:55:06.124906+00:00","timestamp_end":"2025-08-24T20:55:06.125001+00:00","duration_ms":0.097,"func":"business_hours_between","module":"metrics","request_id":null,"ok":true}
{"timestamp_start":"2025-08-24T20:55:06.127701+00:00","timestamp_end":"2025-08-24T20:55:06.127799+00:00","duration_ms":0.1,"func":"business_hours_between","module":"metrics","request_id":null,"ok":true}
{"timestamp_start":"2025-08-24T20:55:06.130884+00:00","timestamp_end":"2025-08-24T20:55:06.130977+00:00","duration_ms":0.095,"func":"business_hours_between","module":"metrics","request_id":null,"ok":true}
{"timestamp_start":"2025-08-24T20:55:06.133521+00:00","timestamp_end":"2025-08-24T20:55:06.133585+00:00","duration_ms":0.066,"func":"business_hours_between","module":"metrics","request_id":null,"ok":true}
{"timestamp_start":"2025-08-24T20:55:06.135990+00:00","timestamp_end":"2025-08-24T20:55:06.136062+00:00","duration_ms":0.074,"func":"business_hours_between","module":"metrics","request_id":null,"ok":true}
{"timestamp_start":"2025-08-24T20:55:06.138389+00:00","timestamp_end":"2025-08-24T20:55:06.138451+00:00","duration_ms":0.063,"func":"business_hours_between","module":"metrics","request_id":null,"ok":true}
{"timestamp_start":"2025-08-24T20:55:06.141463+00:00","timestamp_end":"2025-08-24T20:55:06.141628+00:00","duration_ms":0.169,"func":"business_hours_between","module":"metrics","request_id":null,"ok":true}
{"timestamp_start":"2025-08-24T20:55:06.145993+00:00","timestamp_end":"2025-08-24T20:55:06.146285+00:00","duration_ms":0.299,"func":"business_hours_between","module":"metrics","request_id":null,"ok":true}
{"timestamp_start":"2025-08-24T20:55:06.151452+00:00","timestamp_end":"2025-08-24T20:55:06.151630+00:00","duration_ms":0.183,"func":"business_hours_between","module":"metrics","request_id":null,"ok":true}
{"timestamp_start":"2025-08-24T20:55:06.154816+00:00","timestamp_end":"2025-08-24T20:55:06.154872+00:00","duration_ms":0.058,"func":"business_hours_between","module":"metrics","request_id":null,"ok":true}
{"timestamp_start":"2025-08-24T20:55:06.158095+00:00","timestamp_end":"2025-08-24T20:55:06.158196+00:00","duration_ms":0.103,"func":"business_hours_between","module":"metrics","request_id":null,"ok":true}
{"timestamp_start":"2025-08-24T20:55:06.161101+00:00","timestamp_end":"2025-08-24T20:55:06.161188+00:00","duration_ms":0.089,"func":"business_hours_between","module":"metrics","request_id":null,"ok":true}
{"timestamp_start":"2025-08-24T20:55:06.163665+00:00","timestamp_end":"2025-08-24T20:55:06.163775+00:00","duration_ms":0.113,"func":"business_hours_between","module":"metrics","request_id":null,"ok":true}
{"timestamp_start":"2025-08-24T20:55:06.166949+00:00","timestamp_end":"2025-08-24T20:55:06.167128+00:00","duration_ms":0.181,"func":"business_hours_between","module":"metrics","request_id":null,"ok":true}
{"timestamp_start":"2025-08-24T20:55:06.169859+00:00","timestamp_end":"2025-08-24T20:55:06.169927+00:00","duration_ms":0.069,"func":"business_hours_between","module":"metrics","request_id":null,"ok":true}
{"timestamp_start":"2025-08-24T20:55:06.173212+00:00","timestamp_end":"2025-08-24T20:55:06.173784+00:00","duration_ms":0.577,"func":"business_hours_between","module":"metrics","request_id":null,"ok":true}
{"timestamp_start":"2025-08-24T20:55:06.176570+00:00","timestamp_end":"2025-08-24T20:55:06.176656+00:00","duration_ms":0.087,"func":"business_hours_between","module":"metrics","request_id":null,"ok":true}
{"timestamp_start":"2025-08-24T20:55:06.179377+00:00","timestamp_end":"2025-08-24T20:55:06.179521+00:00","duration_ms":0.147,"func":"business_hours_between","module":"metrics","request_id":null,"ok":true}
{"timestamp_start":"2025-08-24T20:55:06.182276+00:00","timestamp_end":"2025-08-24T20:55:06.182397+00:00","duration_ms":0.123,"func":"business_hours_between","module":"metrics","request_id":null,"ok":true}
{"timestamp_start":"2025-08-24T20:55:06.184079+00:00","timestamp_end":"2025-08-24T20:55:06.184156+00:00","duration_ms":0.078,"func":"business_hours_between","module":"metrics","request_id":null,"ok":true}
{"timestamp_start":"2025-08-24T20:55:06.186224+00:00","timestamp_end":"2025-08-24T20:55:06.186282+00:00","duration_ms":0.06,"func":"business_hours_between","module":"metrics","request_id":null,"ok":true}
{"timestamp_start":"2025-08-24T20:55:06.188357+00:00","timestamp_end":"2025-08-24T20:55:06.188396+00:00","duration_ms":0.04,"func":"business_hours_between","module":"metrics","request_id":null,"ok":true}
{"timestamp_start":"2025-08-24T20:55:06.191294+00:00","timestamp_end":"2025-08-24T20:55:06.191393+00:00","duration_ms":0.101,"func":"business_hours_between","module":"metrics","request_id":null,"ok":true}
{"timestamp_start":"2025-08-24T20:55:06.194151+00:00","timestamp_end":"2025-08-24T20:55:06.194283+00:00","duration_ms":0.137,"func":"business_hours_between","module":"metrics","request_id":null,"ok":true}
{"timestamp_start":"2025-08-24T20:55:06.198461+00:00","timestamp_end":"2025-08-24T20:55:06.198545+00:00","duration_ms":0.086,"func":"business_hours_between","module":"metrics","request_id":null,"ok":true}
{"timestamp_start":"2025-08-24T20:55:06.201432+00:00","timestamp_end":"2025-08-24T20:55:06.201586+00:00","duration_ms":0.159,"func":"business_hours_between","module":"metrics","request_id":null,"ok":true}
{"timestamp_start":"2025-08-24T20:55:06.203797+00:00","timestamp_end":"2025-08-24T20:55:06.203882+00:00","duration_ms":0.087,"func":"business_hours_between","module":"metrics","request_id":null,"ok":true}
{"timestamp_start":"2025-08-24T20:55:06.206731+00:00","timestamp_end":"2025-08-24T20:55:06.206883+00:00","duration_ms":0.157,"func":"business_hours_between","module":"metrics","request_id":null,"ok":true}
{"timestamp_start":"2025-08-24T20:55:06.209496+00:00","timestamp_end":"2025-08-24T20:55:06.209604+00:00","duration_ms":0.111,"func":"business_hours_between","module":"metrics","request_id":null,"ok":true}
{"timestamp_start":"2025-08-24T20:55:06.212572+00:00","timestamp_end":"2025-08-24T20:55:06.212807+00:00","duration_ms":0.241,"func":"business_hours_between","module":"metrics","request_id":null,"ok":true}
{"timestamp_start":"2025-08-24T20:55:06.216198+00:00","timestamp_end":"2025-08-24T20:55:06.216285+00:00","duration_ms":0.089,"func":"business_hours_between","module":"metrics","request_id":null,"ok":true}
{"timestamp_start":"2025-08-24T20:55:06.219260+00:00","timestamp_end":"2025-08-24T20:55:06.219329+00:00","duration_ms":0.071,"func":"business_hours_between","module":"metrics","request_id":null,"ok":true}
{"timestamp_start":"2025-08-24T20:55:06.221739+00:00","timestamp_end":"2025-08-24T20:55:06.221797+00:00","duration_ms":0.059,"func":"business_hours_between","module":"metrics","request_id":null,"ok":true}
{"timestamp_start":"2025-08-24T20:55:06.225456+00:00","timestamp_end":"2025-08-24T20:55:06.225574+00:00","duration_ms":0.12,"func":"business_hours_between","module":"metrics","request_id":null,"ok":true}
{"timestamp_start":"2025-08-24T20:55:06.228624+00:00","timestamp_end":"2025-08-24T20:55:06.228871+00:00","duration_ms":0.254,"func":"business_hours_between","module":"metrics","request_id":null,"ok":true}
{"timestamp_start":"2025-08-24T20:55:06.231595+00:00","timestamp_end":"2025-08-24T20:55:06.231708+00:00","duration_ms":0.116,"func":"business_hours_between","module":"metrics","request_id":null,"ok":true}
{"timestamp_start":"2025-08-24T20:55:06.234532+00:00","timestamp_end":"2025-08-24T20:55:06.234631+00:00","duration_ms":0.101,"func":"business_hours_between","module":"metrics","request_id":null,"ok":true}
{"timestamp_start":"2025-08-24T20:55:06.237287+00:00","timestamp_end":"2025-08-24T20:55:06.237383+00:00","duration_ms":0.098,"func":"business_hours_between","module":"metrics","request_id":null,"ok":true}
{"timestamp_start":"2025-08-24T20:55:06.240165+00:00","timestamp_end":"2025-08-24T20:55:06.240284+00:00","duration_ms":0.122,"func":"business_hours_between","module":"metrics","request_id":null,"ok":true}
{"timestamp_start":"2025-08-24T20:55:06.242462+00:00","timestamp_end":"2025-08-24T20:55:06.242547+00:00","duration_ms":0.087,"func":"business_hours_between","module":"metrics","request_id":null,"ok":true}
{"timestamp_start":"2025-08-24T20:55:06.245669+00:00","timestamp_end":"2025-08-24T20:55:06.245825+00:00","duration_ms":0.16,"func":"business_hours_between","module":"metrics","request_id":null,"ok":true}
{"timestamp_start":"2025-08-24T20:55:06.249616+00:00","timestamp_end":"2025-08-24T20:55:06.249672+00:00","duration_ms":0.057,"func":"business_hours_between","module":"metrics","request_id":null,"ok":true}
{"timestamp_start":"2025-08-24T20:55:06.252910+00:00","timestamp_end":"2025-08-24T20:55:06.253158+00:00","duration_ms":0.251,"func":"business_hours_between","module":"metrics","request_id":null,"ok":true}
{"timestamp_start":"2025-08-24T20:55:06.256607+00:00","timestamp_end":"2025-08-24T20:55:06.256774+00:00","duration_ms":0.169,"func":"business_hours_between","module":"metrics","request_id":null,"ok":true}
{"timestamp_start":"2025-08-24T20:55:06.259330+00:00","timestamp_end":"2025-08-24T20:55:06.259428+00:00","duration_ms":0.1,"func":"business_hours_between","module":"metrics","request_id":null,"ok":true}
{"timestamp_start":"2025-08-24T20:55:06.262280+00:00","timestamp_end":"2025-08-24T20:55:06.262532+00:00","duration_ms":0.256,"func":"business_hours_between","module":"metrics","request_id":null,"ok":true}
{"timestamp_start":"2025-08-24T20:55:06.265272+00:00","timestamp_end":"2025-08-24T20:55:06.265451+00:00","duration_ms":0.185,"func":"business_hours_between","module":"metrics","request_id":null,"ok":true}
{"timestamp_start":"2025-08-24T20:55:06.268436+00:00","timestamp_end":"2025-08-24T20:55:06.268537+00:00","duration_ms":0.103,"func":"business_hours_between","module":"metrics","request_id":null,"ok":true}
{"timestamp_start":"2025-08-24T20:55:06.270787+00:00","timestamp_end":"2025-08-24T20:55:06.270849+00:00","duration_ms":0.063,"func":"business_hours_between","module":"metrics","request_id":null,"ok":true}
{"timestamp_start":"2025-08-24T20:55:06.273401+00:00","timestamp_end":"2025-08-24T20:55:06.273489+00:00","duration_ms":0.09,"func":"business_hours_between","module":"metrics","request_id":null,"ok":true}
{"timestamp_start":"2025-08-24T20:55:06.275893+00:00","timestamp_end":"2025-08-24T20:55:06.276025+00:00","duration_ms":0.136,"func":"business_hours_between","module":"metrics","request_id":null,"ok":true}
{"timestamp_start":"2025-08-24T20:55:06.279243+00:00","timestamp_end":"2025-08-24T20:55:06.279426+00:00","duration_ms":0.189,"func":"business_hours_between","module":"metrics","request_id":null,"ok":true}
{"timestamp_start":"2025-08-24T20:55:06.282521+00:00","timestamp_end":"2025-08-24T20:55:06.282869+00:00","duration_ms":0.351,"func":"business_hours_between","module":"metrics","request_id":null,"ok":true}
{"timestamp_start":"2025-08-24T20:55:06.286011+00:00","timestamp_end":"2025-08-24T20:55:06.286084+00:00","duration_ms":0.075,"func":"business_hours_between","module":"metrics","request_id":null,"ok":true}
{"timestamp_start":"2025-08-24T20:55:06.287788+00:00","timestamp_end":"2025-08-24T20:55:06.287855+00:00","duration_ms":0.069,"func":"business_hours_between","module":"metrics","request_id":null,"ok":true}
{"timestamp_start":"2025-08-24T20:55:06.290694+00:00","timestamp_end":"2025-08-24T20:55:06.290833+00:00","duration_ms":0.142,"func":"business_hours_between","module":"metrics","request_id":null,"ok":true}
{"timestamp_start":"2025-08-24T20:55:06.073140+00:00","timestamp_end":"2025-08-24T20:55:06.295036+00:00","duration_ms":221.905,"func":"resolution_time_series","module":"metrics","request_id":null,"ok":true}
{"timestamp_start":"2025-08-24T20:55:06.300893+00:00","timestamp_end":"2025-08-24T20:55:06.301028+00:00","duration_ms":0.138,"func":"business_hours_between","module":"metrics","request_id":null,"ok":true}
{"timestamp_start":"2025-08-24T20:55:06.304148+00:00","timestamp_end":"2025-08-24T20:55:06.304221+00:00","duration_ms":0.074,"func":"business_hours_between","module":"metrics","request_id":null,"ok":true}
{"timestamp_start":"2025-08-24T20:55:06.307343+00:00","timestamp_end":"2025-08-24T20:55:06.307434+00:00","duration_ms":0.094,"func":"business_hours_between","module":"metrics","request_id":null,"ok":true}
{"timestamp_start":"2025-08-24T20:55:06.309829+00:00","timestamp_end":"2025-08-24T20:55:06.309891+00:00","duration_ms":0.064,"func":"business_hours_between","module":"metrics","request_id":null,"ok":true}
{"timestamp_start":"2025-08-24T20:55:06.312573+00:00","timestamp_end":"2025-08-24T20:55:06.312884+00:00","duration_ms":0.319,"func":"business_hours_between","module":"metrics","request_id":null,"ok":true}
{"timestamp_start":"2025-08-24T20:55:06.315613+00:00","timestamp_end":"2025-08-24T20:55:06.315688+00:00","duration_ms":0.077,"func":"business_hours_between","module":"metrics","request_id":null,"ok":true}
{"timestamp_start":"2025-08-24T20:55:06.318705+00:00","timestamp_end":"2025-08-24T20:55:06.318787+00:00","duration_ms":0.083,"func":"business_hours_between","module":"metrics","request_id":null,"ok":true}
{"timestamp_start":"2025-08-24T20:55:06.321504+00:00","timestamp_end":"2025-08-24T20:55:06.321611+00:00","duration_ms":0.112,"func":"business_hours_between","module":"metrics","request_id":null,"ok":true}
{"timestamp_start":"2025-08-24T20:55:06.324546+00:00","timestamp_end":"2025-08-24T20:55:06.324633+00:00","duration_ms":0.09,"func":"business_hours_between","module":"metrics","request_id":null,"ok":true}
{"timestamp_start":"2025-08-24T20:55:06.327382+00:00","timestamp_end":"2025-08-24T20:55:06.327497+00:00","duration_ms":0.118,"func":"business_hours_between","module":"metrics","request_id":null,"ok":true}
{"timestamp_start":"2025-08-24T20:55:06.330518+00:00","timestamp_end":"2025-08-24T20:55:06.330612+00:00","duration_ms":0.096,"func":"business_hours_between","module":"metrics","request_id":null,"ok":true}
{"timestamp_start":"2025-08-24T20:55:06.333706+00:00","timestamp_end":"2025-08-24T20:55:06.333773+00:00","duration_ms":0.07,"func":"business_hours_between","module":"metrics","request_id":null,"ok":true}
{"timestamp_start":"2025-08-24T20:55:06.336746+00:00","timestamp_end":"2025-08-24T20:55:06.336881+00:00","duration_ms":0.14,"func":"business_hours_between","module":"metrics","request_id":null,"ok":true}
{"timestamp_start":"2025-08-24T20:55:06.340233+00:00","timestamp_end":"2025-08-24T20:55:06.340344+00:00","duration_ms":0.113,"func":"business_hours_between","module":"metrics","request_id":null,"ok":true}
{"timestamp_start":"2025-08-24T20:55:06.343286+00:00","timestamp_end":"2025-08-24T20:55:06.343412+00:00","duration_ms":0.129,"func":"business_hours_between","module":"metrics","request_id":null,"ok":true}
{"timestamp_start":"2025-08-24T20:55:06.346347+00:00","timestamp_end":"2025-08-24T20:55:06.346458+00:00","duration_ms":0.114,"func":"business_hours_between","module":"metrics","request_id":null,"ok":true}
{"timestamp_start":"2025-08-24T20:55:06.348648+00:00","timestamp_end":"2025-08-24T20:55:06.348715+00:00","duration_ms":0.068,"func":"business_hours_between","module":"metrics","request_id":null,"ok":true}
{"timestamp_start":"2025-08-24T20:55:06.350755+00:00","timestamp_end":"2025-08-24T20:55:06.350829+00:00","duration_ms":0.076,"func":"business_hours_between","module":"metrics","request_id":null,"ok":true}
{"timestamp_start":"2025-08-24T20:55:06.353560+00:00","timestamp_end":"2025-08-24T20:55:06.353679+00:00","duration_ms":0.122,"func":"business_hours_between","module":"metrics","request_id":null,"ok":true}
{"timestamp_start":"2025-08-24T20:55:06.356700+00:00","timestamp_end":"2025-08-24T20:55:06.356796+00:00","duration_ms":0.098,"func":"business_hours_between","module":"metrics","request_id":null,"ok":true}
{"timestamp_start":"2025-08-24T20:55:06.359589+00:00","timestamp_end":"2025-08-24T20:55:06.359675+00:00","duration_ms":0.087,"func":"business_hours_between","module":"metrics","request_id":null,"ok":true}
{"timestamp_start":"2025-08-24T20:55:06.362475+00:00","timestamp_end":"2025-08-24T20:55:06.362568+00:00","duration_ms":0.095,"func":"business_hours_between","module":"metrics","request_id":null,"ok":true}
{"timestamp_start":"2025-08-24T20:55:06.365150+00:00","timestamp_end":"2025-08-24T20:55:06.365213+00:00","duration_ms":0.065,"func":"business_hours_between","module":"metrics","request_id":null,"ok":true}
{"timestamp_start":"2025-08-24T20:55:06.367360+00:00","timestamp_end":"2025-08-24T20:55:06.367441+00:00","duration_ms":0.083,"func":"business_hours_between","module":"metrics","request_id":null,"ok":true}
{"timestamp_start":"2025-08-24T20:55:06.369819+00:00","timestamp_end":"2025-08-24T20:55:06.369987+00:00","duration_ms":0.171,"func":"business_hours_between","module":"metrics","request_id":null,"ok":true}
{"timestamp_start":"2025-08-24T20:55:06.372853+00:00","timestamp_end":"2025-08-24T20:55:06.373062+00:00","duration_ms":0.214,"func":"business_hours_between","module":"metrics","request_id":null,"ok":true}
{"timestamp_start":"2025-08-24T20:55:06.375880+00:00","timestamp_end":"2025-08-24T20:55:06.375994+00:00","duration_ms":0.117,"func":"business_hours_between","module":"metrics","request_id":null,"ok":true}
{"timestamp_start":"2025-08-24T20:55:06.378408+00:00","timestamp_end":"2025-08-24T20:55:06.378671+00:00","duration_ms":0.269,"func":"business_hours_between","module":"metrics","request_id":null,"ok":true}
{"timestamp_start":"2025-08-24T20:55:06.382109+00:00","timestamp_end":"2025-08-24T20:55:06.382248+00:00","duration_ms":0.144,"func":"business_hours_between","module":"metrics","request_id":null,"ok":true}
{"timestamp_start":"2025-08-24T20:55:06.385569+00:00","timestamp_end":"2025-08-24T20:55:06.385667+00:00","duration_ms":0.1,"func":"business_hours_between","module":"metrics","request_id":null,"ok":true}
{"timestamp_start":"2025-08-24T20:55:06.387954+00:00","timestamp_end":"2025-08-24T20:55:06.388054+00:00","duration_ms":0.102,"func":"business_hours_between","module":"metrics","request_id":null,"ok":true}
{"timestamp_start":"2025-08-24T20:55:06.390858+00:00","timestamp_end":"2025-08-24T20:55:06.390947+00:00","duration_ms":0.092,"func":"business_hours_between","module":"metrics","request_id":null,"ok":true}
{"timestamp_start":"2025-08-24T20:55:06.393309+00:00","timestamp_end":"2025-08-24T20:55:06.393748+00:00","duration_ms":0.446,"func":"business_hours_between","module":"metrics","request_id":null,"ok":true}
{"timestamp_start":"2025-08-24T20:55:06.396419+00:00","timestamp_end":"2025-08-24T20:55:06.396584+00:00","duration_ms":0.169,"func":"business_hours_between","module":"metrics","request_id":null,"ok":true}
{"timestamp_start":"2025-08-24T20:55:06.399952+00:00","timestamp_end":"2025-08-24T20:55:06.400046+00:00","duration_ms":0.096,"func":"business_hours_between","module":"metrics","request_id":null,"ok":true}
{"timestamp_start":"2025-08-24T20:55:06.402730+00:00","timestamp_end":"2025-08-24T20:55:06.402819+00:00","duration_ms":0.09,"func":"business_hours_between","module":"metrics","request_id":null,"ok":true}
{"timestamp_start":"2025-08-24T20:55:06.406046+00:00","timestamp_end":"2025-08-24T20:55:06.406227+00:00","duration_ms":0.185,"func":"business_hours_between","module":"metrics","request_id":null,"ok":true}
{"timestamp_start":"2025-08-24T20:55:06.408814+00:00","timestamp_end":"2025-08-24T20:55:06.408883+00:00","duration_ms":0.07,"func":"business_hours_between","module":"metrics","request_id":null,"ok":true}
{"timestamp_start":"2025-08-24T20:55:06.411586+00:00","timestamp_end":"2025-08-24T20:55:06.411741+00:00","duration_ms":0.161,"func":"business_hours_between","module":"metrics","request_id":null,"ok":true}
{"timestamp_start":"2025-08-24T20:55:06.414760+00:00","timestamp_end":"2025-08-24T20:55:06.414853+00:00","duration_ms":0.096,"func":"business_hours_between","module":"metrics","request_id":null,"ok":true}
{"timestamp_start":"2025-08-24T20:55:06.417254+00:00","timestamp_end":"2025-08-24T20:55:06.417320+00:00","duration_ms":0.067,"func":"business_hours_between","module":"metrics","request_id":null,"ok":true}
{"timestamp_start":"2025-08-24T20:55:06.419710+00:00","timestamp_end":"2025-08-24T20:55:06.419775+00:00","duration_ms":0.075,"func":"business_hours_between","module":"metrics","request_id":null,"ok":true}
{"timestamp_start":"2025-08-24T20:55:06.422569+00:00","timestamp_end":"2025-08-24T20:55:06.422736+00:00","duration_ms":0.171,"func":"business_hours_between","module":"metrics","request_id":null,"ok":true}
{"timestamp_start":"2025-08-24T20:55:06.426313+00:00","timestamp_end":"2025-08-24T20:55:06.426413+00:00","duration_ms":0.102,"func":"business_hours_between","module":"metrics","request_id":null,"ok":true}
{"timestamp_start":"2025-08-24T20:55:06.429366+00:00","timestamp_end":"2025-08-24T20:55:06.429469+00:00","duration_ms":0.105,"func":"business_hours_between","module":"metrics","request_id":null,"ok":true}
{"timestamp_start":"2025-08-24T20:55:06.432135+00:00","timestamp_end":"2025-08-24T20:55:06.432234+00:00","duration_ms":0.102,"func":"business_hours_between","module":"metrics","request_id":null,"ok":true}
{"timestamp_start":"2025-08-24T20:55:06.435352+00:00","timestamp_end":"2025-08-24T20:55:06.435433+00:00","duration_ms":0.083,"func":"business_hours_between","module":"metrics","request_id":null,"ok":true}
{"timestamp_start":"2025-08-24T20:55:06.438535+00:00","timestamp_end":"2025-08-24T20:55:06.438621+00:00","duration_ms":0.088,"func":"business_hours_between","module":"metrics","request_id":null,"ok":true}
{"timestamp_start":"2025-08-24T20:55:06.442465+00:00","timestamp_end":"2025-08-24T20:55:06.442550+00:00","duration_ms":0.087,"func":"business_hours_between","module":"metrics","request_id":null,"ok":true}
{"timestamp_start":"2025-08-24T20:55:06.445500+00:00","timestamp_end":"2025-08-24T20:55:06.445700+00:00","duration_ms":0.207,"func":"business_hours_between","module":"metrics","request_id":null,"ok":true}
{"timestamp_start":"2025-08-24T20:55:06.448620+00:00","timestamp_end":"2025-08-24T20:55:06.448719+00:00","duration_ms":0.101,"func":"business_hours_between","module":"metrics","request_id":null,"ok":true}
{"timestamp_start":"2025-08-24T20:55:06.451947+00:00","timestamp_end":"2025-08-24T20:55:06.452088+00:00","duration_ms":0.143,"func":"business_hours_between","module":"metrics","request_id":null,"ok":true}
{"timestamp_start":"2025-08-24T20:55:06.454959+00:00","timestamp_end":"2025-08-24T20:55:06.455063+00:00","duration_ms":0.105,"func":"business_hours_between","module":"metrics","request_id":null,"ok":true}
{"timestamp_start":"2025-08-24T20:55:06.458254+00:00","timestamp_end":"2025-08-24T20:55:06.458373+00:00","duration_ms":0.12,"func":"business_hours_between","module":"metrics","request_id":null,"ok":true}
{"timestamp_start":"2025-08-24T20:55:06.461824+00:00","timestamp_end":"2025-08-24T20:55:06.462027+00:00","duration_ms":0.209,"func":"business_hours_between","module":"metrics","request_id":null,"ok":true}
{"timestamp_start":"2025-08-24T20:55:06.464561+00:00","timestamp_end":"2025-08-24T20:55:06.464661+00:00","duration_ms":0.102,"func":"business_hours_between","module":"metrics","request_id":null,"ok":true}
{"timestamp_start":"2025-08-24T20:55:06.467134+00:00","timestamp_end":"2025-08-24T20:55:06.467299+00:00","duration_ms":0.17,"func":"business_hours_between","module":"metrics","request_id":null,"ok":true}
{"timestamp_start":"2025-08-24T20:55:06.470152+00:00","timestamp_end":"2025-08-24T20:55:06.470241+00:00","duration_ms":0.091,"func":"business_hours_between","module":"metrics","request_id":null,"ok":true}
{"timestamp_start":"2025-08-24T20:55:06.473104+00:00","timestamp_end":"2025-08-24T20:55:06.473269+00:00","duration_ms":0.172,"func":"business_hours_between","module":"metrics","request_id":null,"ok":true}
{"timestamp_start":"2025-08-24T20:55:06.476491+00:00","timestamp_end":"2025-08-24T20:55:06.476627+00:00","duration_ms":0.139,"func":"business_hours_between","module":"metrics","request_id":null,"ok":true}
{"timestamp_start":"2025-08-24T20:55:06.479468+00:00","timestamp_end":"2025-08-24T20:55:06.479648+00:00","duration_ms":0.183,"func":"business_hours_between","module":"metrics","request_id":null,"ok":true}
{"timestamp_start":"2025-08-24T20:55:06.482295+00:00","timestamp_end":"2025-08-24T20:55:06.482401+00:00","duration_ms":0.109,"func":"business_hours_between","module":"metrics","request_id":null,"ok":true}
{"timestamp_start":"2025-08-24T20:55:06.485295+00:00","timestamp_end":"2025-08-24T20:55:06.485570+00:00","duration_ms":0.279,"func":"business_hours_between","module":"metrics","request_id":null,"ok":true}
{"timestamp_start":"2025-08-24T20:55:06.488129+00:00","timestamp_end":"2025-08-24T20:55:06.488254+00:00","duration_ms":0.127,"func":"business_hours_between","module":"metrics","request_id":null,"ok":true}
{"timestamp_start":"2025-08-24T20:55:06.491208+00:00","timestamp_end":"2025-08-24T20:55:06.491319+00:00","duration_ms":0.114,"func":"business_hours_between","module":"metrics","request_id":null,"ok":true}
{"timestamp_start":"2025-08-24T20:55:06.493822+00:00","timestamp_end":"2025-08-24T20:55:06.493930+00:00","duration_ms":0.112,"func":"business_hours_between","module":"metrics","request_id":null,"ok":true}
{"timestamp_start":"2025-08-24T20:55:06.496983+00:00","timestamp_end":"2025-08-24T20:55:06.497074+00:00","duration_ms":0.094,"func":"business_hours_between","module":"metrics","request_id":null,"ok":true}
{"timestamp_start":"2025-08-24T20:55:06.499574+00:00","timestamp_end":"2025-08-24T20:55:06.499638+00:00","duration_ms":0.065,"func":"business_hours_between","module":"metrics","request_id":null,"ok":true}
{"timestamp_start":"2025-08-24T20:55:06.501950+00:00","timestamp_end":"2025-08-24T20:55:06.502075+00:00","duration_ms":0.13,"func":"business_hours_between","module":"metrics","request_id":null,"ok":true}
{"timestamp_start":"2025-08-24T20:55:06.505181+00:00","timestamp_end":"2025-08-24T20:55:06.505584+00:00","duration_ms":0.406,"func":"business_hours_between","module":"metrics","request_id":null,"ok":true}
{"timestamp_start":"2025-08-24T20:55:06.508475+00:00","timestamp_end":"2025-08-24T20:55:06.508559+00:00","duration_ms":0.086,"func":"business_hours_between","module":"metrics","request_id":null,"ok":true}
{"timestamp_start":"2025-08-24T20:55:06.512476+00:00","timestamp_end":"2025-08-24T20:55:06.512572+00:00","duration_ms":0.098,"func":"business_hours_between","module":"metrics","request_id":null,"ok":true}
{"timestamp_start":"2025-08-24T20:55:06.515272+00:00","timestamp_end":"2025-08-24T20:55:06.515360+00:00","duration_ms":0.09,"func":"business_hours_between","module":"metrics","request_id":null,"ok":true}
{"timestamp_start":"2025-08-24T20:55:06.299515+00:00","timestamp_end":"2025-08-24T20:55:06.519969+00:00","duration_ms":220.46,"func":"resolution_time_series","module":"metrics","request_id":null,"ok":true}
{"timestamp_start":"2025-08-24T20:55:06.523189+00:00","timestamp_end":"2025-08-24T20:55:06.524627+00:00","duration_ms":1.445,"func":"backlog_trend_series","module":"metrics","request_id":null,"ok":true}
{"timestamp_start":"2025-08-24T20:55:23.534998+00:00","timestamp_end":"2025-08-24T20:55:23.575024+00:00","duration_ms":40.032,"func":"_get","module":"glpi_client","request_id":null,"ok":true}
{"timestamp_start":"2025-08-24T20:55:23.282424+00:00","timestamp_end":"2025-08-24T20:55:23.578388+00:00","duration_ms":295.971,"func":"init_session","module":"glpi_client","request_id":null,"ok":true}
{"timestamp_start":"2025-08-24T20:55:23.581100+00:00","timestamp_end":"2025-08-24T20:55:23.644213+00:00","duration_ms":63.118,"func":"_get","module":"glpi_client","request_id":null,"ok":true}
{"timestamp_start":"2025-08-24T20:55:23.581096+00:00","timestamp_end":"2025-08-24T20:55:23.647065+00:00","duration_ms":65.975,"func":"list_search_options","module":"glpi_client","request_id":null,"ok":true}
{"timestamp_start":"2025-08-24T20:55:23.649293+00:00","timestamp_end":"2025-08-24T20:55:23.692354+00:00","duration_ms":43.068,"func":"try_get_group_name","module":"glpi_client","request_id":null,"ok":true}
{"timestamp_start":"2025-08-24T20:55:23.694186+00:00","timestamp_end":"2025-08-24T20:55:23.877127+00:00","duration_ms":182.952,"func":"_get","module":"glpi_client","request_id":null,"ok":true}
{"timestamp_start":"2025-08-24T20:55:23.694177+00:00","timestamp_end":"2025-08-24T20:55:23.880055+00:00","duration_ms":185.887,"func":"raw_search","module":"glpi_client","request_id":null,"ok":true}
{"timestamp_start":"2025-08-24T20:55:23.581084+00:00","timestamp_end":"2025-08-24T20:55:23.886816+00:00","duration_ms":305.738,"func":"bulk_search_observer_tickets","module":"data_access","request_id":null,"ok":true}
{"timestamp_start":"2025-08-24T20:55:23.889946+00:00","timestamp_end":"2025-08-24T20:55:23.893672+00:00","duration_ms":3.731,"func":"normalize_ticket_df","module":"metrics","request_id":null,"ok":true}
{"timestamp_start":"2025-08-24T20:55:23.896524+00:00","timestamp_end":"2025-08-24T20:55:23.939628+00:00","duration_ms":43.109,"func":"_get","module":"glpi_client","request_id":null,"ok":true}
{"timestamp_start":"2025-08-24T20:55:23.896509+00:00","timestamp_end":"2025-08-24T20:55:23.943110+00:00","duration_ms":46.609,"func":"kill_session","module":"glpi_client","request_id":null,"ok":true}
{"timestamp_start":"2025-08-24T20:55:23.946440+00:00","timestamp_end":"2025-08-24T20:55:23.951533+00:00","duration_ms":5.101,"func":"created_resolved","module":"metrics","request_id":null,"ok":true}
{"timestamp_start":"2025-08-24T20:55:23.954578+00:00","timestamp_end":"2025-08-24T20:55:23.956416+00:00","duration_ms":1.845,"func":"backlog_trend_series","module":"metrics","request_id":null,"ok":true}
{"timestamp_start":"2025-08-24T20:55:23.959590+00:00","timestamp_end":"2025-08-24T20:55:23.960775+00:00","duration_ms":1.195,"func":"backlog_status","module":"metrics","request_id":null,"ok":true}
{"timestamp_start":"2025-08-24T20:55:23.963641+00:00","timestamp_end":"2025-08-24T20:55:23.967732+00:00","duration_ms":4.099,"func":"sla_solution","module":"metrics","request_id":null,"ok":true}
{"timestamp_start":"2025-08-24T20:55:23.971016+00:00","timestamp_end":"2025-08-24T20:55:23.974309+00:00","duration_ms":3.299,"func":"aging_buckets","module":"metrics","request_id":null,"ok":true}
{"timestamp_start":"2025-08-24T20:55:23.977590+00:00","timestamp_end":"2025-08-24T20:55:23.979935+00:00","duration_ms":2.352,"func":"composition","module":"metrics","request_id":null,"ok":true}
{"timestamp_start":"2025-08-24T20:55:23.984192+00:00","timestamp_end":"2025-08-24T20:55:23.984985+00:00","duration_ms":0.797,"func":"load_by_assignee","module":"metrics","request_id":null,"ok":true}
{"timestamp_start":"2025-08-24T20:55:23.990987+00:00","timestamp_end":"2025-08-24T20:55:23.991060+00:00","duration_ms":0.074,"func":"business_hours_between","module":"metrics","request_id":null,"ok":true}
{"timestamp_start":"2025-08-24T20:55:23.994163+00:00","timestamp_end":"2025-08-24T20:55:23.994296+00:00","duration_ms":0.137,"func":"business_hours_between","module":"metrics","request_id":null,"ok":true}
{"timestamp_start":"2025-08-24T20:55:23.997977+00:00","timestamp_end":"2025-08-24T20:55:23.998063+00:00","duration_ms":0.089,"func":"business_hours_between","module":"metrics","request_id":null,"ok":true}
{"timestamp_start":"2025-08-24T20:55:24.001519+00:00","timestamp_end":"2025-08-24T20:55:24.001647+00:00","duration_ms":0.131,"func":"business_hours_between","module":"metrics","request_id":null,"ok":true}
{"timestamp_start":"2025-08-24T20:55:24.004555+00:00","timestamp_end":"2025-08-24T20:55:24.004640+00:00","duration_ms":0.089,"func":"business_hours_between","module":"metrics","request_id":null,"ok":true}
{"timestamp_start":"2025-08-24T20:55:24.007896+00:00","timestamp_end":"2025-08-24T20:55:24.008007+00:00","duration_ms":0.115,"func":"business_hours_between","module":"metrics","request_id":null,"ok":true}
{"timestamp_start":"2025-08-24T20:55:24.011040+00:00","timestamp_end":"2025-08-24T20:55:24.011193+00:00","duration_ms":0.155,"func":"business_hours_between","module":"metrics","request_id":null,"ok":true}
{"timestamp_start":"2025-08-24T20:55:24.013884+00:00","timestamp_end":"2025-08-24T20:55:24.013981+00:00","duration_ms":0.1,"func":"business_hours_between","module":"metrics","request_id":null,"ok":true}
{"timestamp_start":"2025-08-24T20:55:24.017325+00:00","timestamp_end":"2025-08-24T20:55:24.017404+00:00","duration_ms":0.081,"func":"business_hours_between","module":"metrics","request_id":null,"ok":true}
{"timestamp_start":"2025-08-24T20:55:24.020387+00:00","timestamp_end":"2025-08-24T20:55:24.020510+00:00","duration_ms":0.125,"func":"business_hours_between","module":"metrics","request_id":null,"ok":true}
{"timestamp_start":"2025-08-24T20:55:24.024199+00:00","timestamp_end":"2025-08-24T20:55:24.024283+00:00","duration_ms":0.086,"func":"business_hours_between","module":"metrics","request_id":null,"ok":true}
{"timestamp_start":"2025-08-24T20:55:24.027346+00:00","timestamp_end":"2025-08-24T20:55:24.027446+00:00","duration_ms":0.102,"func":"business_hours_between","module":"metrics","request_id":null,"ok":true}
{"timestamp_start":"2025-08-24T20:55:24.030769+00:00","timestamp_end":"2025-08-24T20:55:24.030870+00:00","duration_ms":0.103,"func":"business_hours_between","module":"metrics","request_id":null,"ok":true}
{"timestamp_start":"2025-08-24T20:55:24.033856+00:00","timestamp_end":"2025-08-24T20:55:24.033954+00:00","duration_ms":0.099,"func":"business_hours_between","module":"metrics","request_id":null,"ok":true}
{"timestamp_start":"2025-08-24T20:55:24.037089+00:00","timestamp_end":"2025-08-24T20:55:24.037193+00:00","duration_ms":0.106,"func":"business_hours_between","module":"metrics","request_id":null,"ok":true}
{"timestamp_start":"2025-08-24T20:55:24.040524+00:00","timestamp_end":"2025-08-24T20:55:24.040697+00:00","duration_ms":0.177,"func":"business_hours_between","module":"metrics","request_id":null,"ok":true}
{"timestamp_start":"2025-08-24T20:55:24.043412+00:00","timestamp_end":"2025-08-24T20:55:24.043517+00:00","duration_ms":0.108,"func":"business_hours_between","module":"metrics","request_id":null,"ok":true}
{"timestamp_start":"2025-08-24T20:55:24.046227+00:00","timestamp_end":"2025-08-24T20:55:24.046397+00:00","duration_ms":0.175,"func":"business_hours_between","module":"metrics","request_id":null,"ok":true}
{"timestamp_start":"2025-08-24T20:55:24.049371+00:00","timestamp_end":"2025-08-24T20:55:24.049451+00:00","duration_ms":0.083,"func":"business_hours_between","module":"metrics","request_id":null,"ok":true}
{"timestamp_start":"2025-08-24T20:55:24.052976+00:00","timestamp_end":"2025-08-24T20:55:24.053071+00:00","duration_ms":0.097,"func":"business_hours_between","module":"metrics","request_id":null,"ok":true}
{"timestamp_start":"2025-08-24T20:55:24.056966+00:00","timestamp_end":"2025-08-24T20:55:24.057096+00:00","duration_ms":0.135,"func":"business_hours_between","module":"metrics","request_id":null,"ok":true}
{"timestamp_start":"2025-08-24T20:55:24.060635+00:00","timestamp_end":"2025-08-24T20:55:24.060725+00:00","duration_ms":0.093,"func":"business_hours_between","module":"metrics","request_id":null,"ok":true}
{"timestamp_start":"2025-08-24T20:55:24.063348+00:00","timestamp_end":"2025-08-24T20:55:24.063448+00:00","duration_ms":0.103,"func":"business_hours_between","module":"metrics","request_id":null,"ok":true}
{"timestamp_start":"2025-08-24T20:55:24.066102+00:00","timestamp_end":"2025-08-24T20:55:24.066197+00:00","duration_ms":0.098,"func":"business_hours_between","module":"metrics","request_id":null,"ok":true}
{"timestamp_start":"2025-08-24T20:55:24.068848+00:00","timestamp_end":"2025-08-24T20:55:24.068931+00:00","duration_ms":0.085,"func":"business_hours_between","module":"metrics","request_id":null,"ok":true}
{"timestamp_start":"2025-08-24T20:55:24.071235+00:00","timestamp_end":"2025-08-24T20:55:24.071313+00:00","duration_ms":0.079,"func":"business_hours_between","module":"metrics","request_id":null,"ok":true}
{"timestamp_start":"2025-08-24T20:55:24.074317+00:00","timestamp_end":"2025-08-24T20:55:24.074425+00:00","duration_ms":0.111,"func":"business_hours_between","module":"metrics","request_id":null,"ok":true}
{"timestamp_start":"2025-08-24T20:55:24.076964+00:00","timestamp_end":"2025-08-24T20:55:24.077047+00:00","duration_ms":0.085,"func":"business_hours_between","module":"metrics","request_id":null,"ok":true}
{"timestamp_start":"2025-08-24T20:55:24.079891+00:00","timestamp_end":"2025-08-24T20:55:24.080002+00:00","duration_ms":0.114,"func":"business_hours_between","module":"metrics","request_id":null,"ok":true}
{"timestamp_start":"2025-08-24T20:55:24.083180+00:00","timestamp_end":"2025-08-24T20:55:24.083280+00:00","duration_ms":0.102,"func":"business_hours_between","module":"metrics","request_id":null,"ok":true}
{"timestamp_start":"2025-08-24T20:55:24.087028+00:00","timestamp_end":"2025-08-24T20:55:24.087165+00:00","duration_ms":0.14,"func":"business_hours_between","module":"metrics","request_id":null,"ok":true}
{"timestamp_start":"2025-08-24T20:55:24.090810+00:00","timestamp_end":"2025-08-24T20:55:24.090915+00:00","duration_ms":0.142,"func":"business_hours_between","module":"metrics","request_id":null,"ok":true}
{"timestamp_start":"2025-08-24T20:55:24.093766+00:00","timestamp_end":"2025-08-24T20:55:24.093974+00:00","duration_ms":0.211,"func":"business_hours_between","module":"metrics","request_id":null,"ok":true}
{"timestamp_start":"2025-08-24T20:55:24.096919+00:00","timestamp_end":"2025-08-24T20:55:24.097115+00:00","duration_ms":0.201,"func":"business_hours_between","module":"metrics","request_id":null,"ok":true}
{"timestamp_start":"2025-08-24T20:55:24.101594+00:00","timestamp_end":"2025-08-24T20:55:24.101717+00:00","duration_ms":0.125,"func":"business_hours_between","module":"metrics","request_id":null,"ok":true}
{"timestamp_start":"2025-08-24T20:55:24.105752+00:00","timestamp_end":"2025-08-24T20:55:24.105935+00:00","duration_ms":0.188,"func":"business_hours_between","module":"metrics","request_id":null,"ok":true}
{"timestamp_start":"2025-08-24T20:55:24.109262+00:00","timestamp_end":"2025-08-24T20:55:24.109455+00:00","duration_ms":0.198,"func":"business_hours_between","module":"metrics","request_id":null,"ok":true}
{"timestamp_start":"2025-08-24T20:55:24.113557+00:00","timestamp_end":"2025-08-24T20:55:24.113739+00:00","duration_ms":0.19,"func":"business_hours_between","module":"metrics","request_id":null,"ok":true}
{"timestamp_start":"2025-08-24T20:55:24.117747+00:00","timestamp_end":"2025-08-24T20:55:24.117848+00:00","duration_ms":0.105,"func":"business_hours_between","module":"metrics","request_id":null,"ok":true}
{"timestamp_start":"2025-08-24T20:55:24.121607+00:00","timestamp_end":"2025-08-24T20:55:24.121845+00:00","duration_ms":0.244,"func":"business_hours_between","module":"metrics","request_id":null,"ok":true}
{"timestamp_start":"2025-08-24T20:55:24.124631+00:00","timestamp_end":"2025-08-24T20:55:24.124722+00:00","duration_ms":0.094,"func":"business_hours_between","module":"metrics","request_id":null,"ok":true}
{"timestamp_start":"2025-08-24T20:55:24.127589+00:00","timestamp_end":"2025-08-24T20:55:24.127703+00:00","duration_ms":0.118,"func":"business_hours_between","module":"metrics","request_id":null,"ok":true}
{"timestamp_start":"2025-08-24T20:55:24.130245+00:00","timestamp_end":"2025-08-24T20:55:24.130350+00:00","duration_ms":0.109,"func":"business_hours_between","module":"metrics","request_id":null,"ok":true}
{"timestamp_start":"2025-08-24T20:55:24.133158+00:00","timestamp_end":"2025-08-24T20:55:24.133282+00:00","duration_ms":0.127,"func":"business_hours_between","module":"metrics","request_id":null,"ok":true}
{"timestamp_start":"2025-08-24T20:55:24.135827+00:00","timestamp_end":"2025-08-24T20:55:24.135943+00:00","duration_ms":0.119,"func":"business_hours_between","module":"metrics","request_id":null,"ok":true}
{"timestamp_start":"2025-08-24T20:55:24.138129+00:00","timestamp_end":"2025-08-24T20:55:24.138254+00:00","duration_ms":0.127,"func":"business_hours_between","module":"metrics","request_id":null,"ok":true}
{"timestamp_start":"2025-08-24T20:55:24.141136+00:00","timestamp_end":"2025-08-24T20:55:24.141320+00:00","duration_ms":0.194,"func":"business_hours_between","module":"metrics","request_id":null,"ok":true}
{"timestamp_start":"2025-08-24T20:55:24.143852+00:00","timestamp_end":"2025-08-24T20:55:24.143952+00:00","duration_ms":0.102,"func":"business_hours_between","module":"metrics","request_id":null,"ok":true}
{"timestamp_start":"2025-08-24T20:55:24.146887+00:00","timestamp_end":"2025-08-24T20:55:24.147028+00:00","duration_ms":0.146,"func":"business_hours_between","module":"metrics","request_id":null,"ok":true}
{"timestamp_start":"2025-08-24T20:55:24.149581+00:00","timestamp_end":"2025-08-24T20:55:24.149662+00:00","duration_ms":0.082,"func":"business_hours_between","module":"metrics","request_id":null,"ok":true}
{"timestamp_start":"2025-08-24T20:55:24.151814+00:00","timestamp_end":"2025-08-24T20:55:24.151892+00:00","duration_ms":0.079,"func":"business_hours_between","module":"metrics","request_id":null,"ok":true}
{"timestamp_start":"2025-08-24T20:55:24.154022+00:00","timestamp_end":"2025-08-24T20:55:24.154162+00:00","duration_ms":0.142,"func":"business_hours_between","module":"metrics","request_id":null,"ok":true}
{"timestamp_start":"2025-08-24T20:55:24.156999+00:00","timestamp_end":"2025-08-24T20:55:24.157114+00:00","duration_ms":0.117,"func":"business_hours_between","module":"metrics","request_id":null,"ok":true}
{"timestamp_start":"2025-08-24T20:55:24.159928+00:00","timestamp_end":"2025-08-24T20:55:24.160076+00:00","duration_ms":0.15,"func":"business_hours_between","module":"metrics","request_id":null,"ok":true}
{"timestamp_start":"2025-08-24T20:55:24.162708+00:00","timestamp_end":"2025-08-24T20:55:24.162818+00:00","duration_ms":0.112,"func":"business_hours_between","module":"metrics","request_id":null,"ok":true}
{"timestamp_start":"2025-08-24T20:55:24.165655+00:00","timestamp_end":"2025-08-24T20:55:24.165866+00:00","duration_ms":0.216,"func":"business_hours_between","module":"metrics","request_id":null,"ok":true}
{"timestamp_start":"2025-08-24T20:55:24.168985+00:00","timestamp_end":"2025-08-24T20:55:24.169169+00:00","duration_ms":0.188,"func":"business_hours_between","module":"metrics","request_id":null,"ok":true}
{"timestamp_start":"2025-08-24T20:55:24.172786+00:00","timestamp_end":"2025-08-24T20:55:24.172982+00:00","duration_ms":0.201,"func":"business_hours_between","module":"metrics","request_id":null,"ok":true}
{"timestamp_start":"2025-08-24T20:55:24.175930+00:00","timestamp_end":"2025-08-24T20:55:24.176007+00:00","duration_ms":0.078,"func":"business_hours_between","module":"metrics","request_id":null,"ok":true}
{"timestamp_start":"2025-08-24T20:55:24.179099+00:00","timestamp_end":"2025-08-24T20:55:24.179276+00:00","duration_ms":0.182,"func":"business_hours_between","module":"metrics","request_id":null,"ok":true}
{"timestamp_start":"2025-08-24T20:55:24.181874+00:00","timestamp_end":"2025-08-24T20:55:24.182002+00:00","duration_ms":0.13,"func":"business_hours_between","module":"metrics","request_id":null,"ok":true}
{"timestamp_start":"2025-08-24T20:55:24.184212+00:00","timestamp_end":"2025-08-24T20:55:24.184307+00:00","duration_ms":0.096,"func":"business_hours_between","module":"metrics","request_id":null,"ok":true}
{"timestamp_start":"2025-08-24T20:55:24.187341+00:00","timestamp_end":"2025-08-24T20:55:24.187462+00:00","duration_ms":0.123,"func":"business_hours_between","module":"metrics","request_id":null,"ok":true}
{"timestamp_start":"2025-08-24T20:55:24.190109+00:00","timestamp_end":"2025-08-24T20:55:24.190248+00:00","duration_ms":0.142,"func":"business_hours_between","module":"metrics","request_id":null,"ok":true}
{"timestamp_start":"2025-08-24T20:55:24.192944+00:00","timestamp_end":"2025-08-24T20:55:24.193042+00:00","duration_ms":0.1,"func":"business_hours_between","module":"metrics","request_id":null,"ok":true}
{"timestamp_start":"2025-08-24T20:55:24.196656+00:00","timestamp_end":"2025-08-24T20:55:24.196771+00:00","duration_ms":0.117,"func":"business_hours_between","module":"metrics","request_id":null,"ok":true}
{"timestamp_start":"2025-08-24T20:55:24.199978+00:00","timestamp_end":"2025-08-24T20:55:24.200058+00:00","duration_ms":0.081,"func":"business_hours_between","module":"metrics","request_id":null,"ok":true}
{"timestamp_start":"2025-08-24T20:55:24.203299+00:00","timestamp_end":"2025-08-24T20:55:24.203370+00:00","duration_ms":0.072,"func":"business_hours_between","module":"metrics","request_id":null,"ok":true}
{"timestamp_start":"2025-08-24T20:55:24.206704+00:00","timestamp_end":"2025-08-24T20:55:24.206786+00:00","duration_ms":0.085,"func":"business_hours_between","module":"metrics","request_id":null,"ok":true}
{"timestamp_start":"2025-08-24T20:55:24.208909+00:00","timestamp_end":"2025-08-24T20:55:24.209178+00:00","duration_ms":0.27,"func":"business_hours_between","module":"metrics","request_id":null,"ok":true}
{"timestamp_start":"2025-08-24T20:55:24.212105+00:00","timestamp_end":"2025-08-24T20:55:24.212219+00:00","duration_ms":0.118,"func":"business_hours_between","module":"metrics","request_id":null,"ok":true}
{"timestamp_start":"2025-08-24T20:55:24.215498+00:00","timestamp_end":"2025-08-24T20:55:24.215585+00:00","duration_ms":0.089,"func":"business_hours_between","module":"metrics","request_id":null,"ok":true}
{"timestamp_start":"2025-08-24T20:55:24.218064+00:00","timestamp_end":"2025-08-24T20:55:24.218125+00:00","duration_ms":0.062,"func":"business_hours_between","module":"metrics","request_id":null,"ok":true}
{"timestamp_start":"2025-08-24T20:55:23.989409+00:00","timestamp_end":"2025-08-24T20:55:24.223022+00:00","duration_ms":233.62,"func":"resolution_time_series","module":"metrics","request_id":null,"ok":true}
{"timestamp_start":"2025-08-24T20:55:24.227701+00:00","timestamp_end":"2025-08-24T20:55:24.227867+00:00","duration_ms":0.168,"func":"business_hours_between","module":"metrics","request_id":null,"ok":true}
{"timestamp_start":"2025-08-24T20:55:24.230905+00:00","timestamp_end":"2025-08-24T20:55:24.231038+00:00","duration_ms":0.138,"func":"business_hours_between","module":"metrics","request_id":null,"ok":true}
{"timestamp_start":"2025-08-24T20:55:24.234268+00:00","timestamp_end":"2025-08-24T20:55:24.234348+00:00","duration_ms":0.082,"func":"business_hours_between","module":"metrics","request_id":null,"ok":true}
{"timestamp_start":"2025-08-24T20:55:24.237085+00:00","timestamp_end":"2025-08-24T20:55:24.237147+00:00","duration_ms":0.064,"func":"business_hours_between","module":"metrics","request_id":null,"ok":true}
{"timestamp_start":"2025-08-24T20:55:24.240368+00:00","timestamp_end":"2025-08-24T20:55:24.240506+00:00","duration_ms":0.142,"func":"business_hours_between","module":"metrics","request_id":null,"ok":true}
{"timestamp_start":"2025-08-24T20:55:24.243973+00:00","timestamp_end":"2025-08-24T20:55:24.244040+00:00","duration_ms":0.069,"func":"business_hours_between","module":"metrics","request_id":null,"ok":true}
{"timestamp_start":"2025-08-24T20:55:24.246607+00:00","timestamp_end":"2025-08-24T20:55:24.246725+00:00","duration_ms":0.121,"func":"business_hours_between","module":"metrics","request_id":null,"ok":true}
{"timestamp_start":"2025-08-24T20:55:24.249622+00:00","timestamp_end":"2025-08-24T20:55:24.249711+00:00","duration_ms":0.091,"func":"business_hours_between","module":"metrics","request_id":null,"ok":true}
{"timestamp_start":"2025-08-24T20:55:24.252271+00:00","timestamp_end":"2025-08-24T20:55:24.252328+00:00","duration_ms":0.06,"func":"business_hours_between","module":"metrics","request_id":null,"ok":true}
{"timestamp_start":"2025-08-24T20:55:24.255118+00:00","timestamp_end":"2025-08-24T20:55:24.255252+00:00","duration_ms":0.139,"func":"business_hours_between","module":"metrics","request_id":null,"ok":true}
{"timestamp_start":"2025-08-24T20:55:24.258227+00:00","timestamp_end":"2025-08-24T20:55:24.258312+00:00","duration_ms":0.087,"func":"business_hours_between","module":"metrics","request_id":null,"ok":true}
{"timestamp_start":"2025-08-24T20:55:24.260828+00:00","timestamp_end":"2025-08-24T20:55:24.260963+00:00","duration_ms":0.14,"func":"business_hours_between","module":"metrics","request_id":null,"ok":true}
{"timestamp_start":"2025-08-24T20:55:24.263642+00:00","timestamp_end":"2025-08-24T20:55:24.263750+00:00","duration_ms":0.11,"func":"business_hours_between","module":"metrics","request_id":null,"ok":true}
{"timestamp_start":"2025-08-24T20:55:24.265965+00:00","timestamp_end":"2025-08-24T20:55:24.266068+00:00","duration_ms":0.104,"func":"business_hours_between","module":"metrics","request_id":null,"ok":true}
{"timestamp_start":"2025-08-24T20:55:24.268633+00:00","timestamp_end":"2025-08-24T20:55:24.268730+00:00","duration_ms":0.098,"func":"business_hours_between","module":"metrics","request_id":null,"ok":true}
{"timestamp_start":"2025-08-24T20:55:24.270864+00:00","timestamp_end":"2025-08-24T20:55:24.270954+00:00","duration_ms":0.092,"func":"business_hours_between","module":"metrics","request_id":null,"ok":true}
{"timestamp_start":"2025-08-24T20:55:24.273834+00:00","timestamp_end":"2025-08-24T20:55:24.273919+00:00","duration_ms":0.087,"func":"business_hours_between","module":"metrics","request_id":null,"ok":true}
{"timestamp_start":"2025-08-24T20:55:24.275964+00:00","timestamp_end":"2025-08-24T20:55:24.276058+00:00","duration_ms":0.097,"func":"business_hours_between","module":"metrics","request_id":null,"ok":true}
{"timestamp_start":"2025-08-24T20:55:24.278940+00:00","timestamp_end":"2025-08-24T20:55:24.279057+00:00","duration_ms":0.121,"func":"business_hours_between","module":"metrics","request_id":null,"ok":true}
{"timestamp_start":"2025-08-24T20:55:24.282771+00:00","timestamp_end":"2025-08-24T20:55:24.282862+00:00","duration_ms":0.093,"func":"business_hours_between","module":"metrics","request_id":null,"ok":true}
{"timestamp_start":"2025-08-24T20:55:24.285178+00:00","timestamp_end":"2025-08-24T20:55:24.285250+00:00","duration_ms":0.073,"func":"business_hours_between","module":"metrics","request_id":null,"ok":true}
{"timestamp_start":"2025-08-24T20:55:24.287535+00:00","timestamp_end":"2025-08-24T20:55:24.287614+00:00","duration_ms":0.088,"func":"business_hours_between","module":"metrics","request_id":null,"ok":true}
{"timestamp_start":"2025-08-24T20:55:24.290459+00:00","timestamp_end":"2025-08-24T20:55:24.290540+00:00","duration_ms":0.083,"func":"business_hours_between","module":"metrics","request_id":null,"ok":true}
{"timestamp_start":"2025-08-24T20:55:24.292993+00:00","timestamp_end":"2025-08-24T20:55:24.293077+00:00","duration_ms":0.086,"func":"business_hours_between","module":"metrics","request_id":null,"ok":true}
{"timestamp_start":"2025-08-24T20:55:24.296161+00:00","timestamp_end":"2025-08-24T20:55:24.296284+00:00","duration_ms":0.126,"func":"business_hours_between","module":"metrics","request_id":null,"ok":true}
{"timestamp_start":"2025-08-24T20:55:24.298888+00:00","timestamp_end":"2025-08-24T20:55:24.298992+00:00","duration_ms":0.106,"func":"business_hours_between","module":"metrics","request_id":null,"ok":true}
{"timestamp_start":"2025-08-24T20:55:24.302136+00:00","timestamp_end":"2025-08-24T20:55:24.302189+00:00","duration_ms":0.054,"func":"business_hours_between","module":"metrics","request_id":null,"ok":true}
{"timestamp_start":"2025-08-24T20:55:24.305198+00:00","timestamp_end":"2025-08-24T20:55:24.305437+00:00","duration_ms":0.246,"func":"business_hours_between","module":"metrics","request_id":null,"ok":true}
{"timestamp_start":"2025-08-24T20:55:24.308806+00:00","timestamp_end":"2025-08-24T20:55:24.308937+00:00","duration_ms":0.134,"func":"business_hours_between","module":"metrics","request_id":null,"ok":true}
{"timestamp_start":"2025-08-24T20:55:24.311066+00:00","timestamp_end":"2025-08-24T20:55:24.311253+00:00","duration_ms":0.19,"func":"business_hours_between","module":"metrics","request_id":null,"ok":true}
{"timestamp_start":"2025-08-24T20:55:24.314336+00:00","timestamp_end":"2025-08-24T20:55:24.314464+00:00","duration_ms":0.13,"func":"business_hours_between","module":"metrics","request_id":null,"ok":true}
{"timestamp_start":"2025-08-24T20:55:24.317010+00:00","timestamp_end":"2025-08-24T20:55:24.317100+00:00","duration_ms":0.092,"func":"business_hours_between","module":"metrics","request_id":null,"ok":true}
{"timestamp_start":"2025-08-24T20:55:24.320669+00:00","timestamp_end":"2025-08-24T20:55:24.320878+00:00","duration_ms":0.213,"func":"business_hours_between","module":"metrics","request_id":null,"ok":true}
{"timestamp_start":"2025-08-24T20:55:24.323834+00:00","timestamp_end":"2025-08-24T20:55:24.323937+00:00","duration_ms":0.105,"func":"business_hours_between","module":"metrics","request_id":null,"ok":true}
{"timestamp_start":"2025-08-24T20:55:24.326473+00:00","timestamp_end":"2025-08-24T20:55:24.326583+00:00","duration_ms":0.112,"func":"business_hours_between","module":"metrics","request_id":null,"ok":true}
{"timestamp_start":"2025-08-24T20:55:24.329729+00:00","timestamp_end":"2025-08-24T20:55:24.329990+00:00","duration_ms":0.266,"func":"business_hours_between","module":"metrics","request_id":null,"ok":true}
{"timestamp_start":"2025-08-24T20:55:24.333178+00:00","timestamp_end":"2025-08-24T20:55:24.333259+00:00","duration_ms":0.082,"func":"business_hours_between","module":"metrics","request_id":null,"ok":true}
{"timestamp_start":"2025-08-24T20:55:24.334992+00:00","timestamp_end":"2025-08-24T20:55:24.335058+00:00","duration_ms":0.067,"func":"business_hours_between","module":"metrics","request_id":null,"ok":true}
{"timestamp_start":"2025-08-24T20:55:24.337064+00:00","timestamp_end":"2025-08-24T20:55:24.337124+00:00","duration_ms":0.061,"func":"business_hours_between","module":"metrics","request_id":null,"ok":true}
{"timestamp_start":"2025-08-24T20:55:24.339413+00:00","timestamp_end":"2025-08-24T20:55:24.339499+00:00","duration_ms":0.088,"func":"business_hours_between","module":"metrics","request_id":null,"ok":true}
{"timestamp_start":"2025-08-24T20:55:24.342058+00:00","timestamp_end":"2025-08-24T20:55:24.342140+00:00","duration_ms":0.091,"func":"business_hours_between","module":"metrics","request_id":null,"ok":true}
{"timestamp_start":"2025-08-24T20:55:24.345941+00:00","timestamp_end":"2025-08-24T20:55:24.346044+00:00","duration_ms":0.106,"func":"business_hours_between","module":"metrics","request_id":null,"ok":true}
{"timestamp_start":"2025-08-24T20:55:24.348409+00:00","timestamp_end":"2025-08-24T20:55:24.348499+00:00","duration_ms":0.092,"func":"business_hours_between","module":"metrics","request_id":null,"ok":true}
{"timestamp_start":"2025-08-24T20:55:24.350785+00:00","timestamp_end":"2025-08-24T20:55:24.350870+00:00","duration_ms":0.086,"func":"business_hours_between","module":"metrics","request_id":null,"ok":true}
{"timestamp_start":"2025-08-24T20:55:24.352966+00:00","timestamp_end":"2025-08-24T20:55:24.353024+00:00","duration_ms":0.059,"func":"business_hours_between","module":"metrics","request_id":null,"ok":true}
{"timestamp_start":"2025-08-24T20:55:24.355918+00:00","timestamp_end":"2025-08-24T20:55:24.356094+00:00","duration_ms":0.181,"func":"business_hours_between","module":"metrics","request_id":null,"ok":true}
{"timestamp_start":"2025-08-24T20:55:24.359303+00:00","timestamp_end":"2025-08-24T20:55:24.359373+00:00","duration_ms":0.072,"func":"business_hours_between","module":"metrics","request_id":null,"ok":true}
{"timestamp_start":"2025-08-24T20:55:24.362108+00:00","timestamp_end":"2025-08-24T20:55:24.362227+00:00","duration_ms":0.122,"func":"business_hours_between","module":"metrics","request_id":null,"ok":true}
{"timestamp_start":"2025-08-24T20:55:24.364775+00:00","timestamp_end":"2025-08-24T20:55:24.364916+00:00","duration_ms":0.15,"func":"business_hours_between","module":"metrics","request_id":null,"ok":true}
{"timestamp_start":"2025-08-24T20:55:24.367948+00:00","timestamp_end":"2025-08-24T20:55:24.368023+00:00","duration_ms":0.077,"func":"business_hours_between","module":"metrics","request_id":null,"ok":true}
{"timestamp_start":"2025-08-24T20:55:24.370608+00:00","timestamp_end":"2025-08-24T20:55:24.370702+00:00","duration_ms":0.095,"func":"business_hours_between","module":"metrics","request_id":null,"ok":true}
{"timestamp_start":"2025-08-24T20:55:24.374275+00:00","timestamp_end":"2025-08-24T20:55:24.374419+00:00","duration_ms":0.146,"func":"business_hours_between","module":"metrics","request_id":null,"ok":true}
{"timestamp_start":"2025-08-24T20:55:24.377191+00:00","timestamp_end":"2025-08-24T20:55:24.377288+00:00","duration_ms":0.098,"func":"business_hours_between","module":"metrics","request_id":null,"ok":true}
{"timestamp_start":"2025-08-24T20:55:24.380157+00:00","timestamp_end":"2025-08-24T20:55:24.380306+00:00","duration_ms":0.152,"func":"business_hours_between","module":"metrics","request_id":null,"ok":true}
{"timestamp_start":"2025-08-24T20:55:24.383677+00:00","timestamp_end":"2025-08-24T20:55:24.383835+00:00","duration_ms":0.16,"func":"business_hours_between","module":"metrics","request_id":null,"ok":true}
{"timestamp_start":"2025-08-24T20:55:24.386413+00:00","timestamp_end":"2025-08-24T20:55:24.386494+00:00","duration_ms":0.083,"func":"business_hours_between","module":"metrics","request_id":null,"ok":true}
{"timestamp_start":"2025-08-24T20:55:24.389313+00:00","timestamp_end":"2025-08-24T20:55:24.389486+00:00","duration_ms":0.176,"func":"business_hours_between","module":"metrics","request_id":null,"ok":true}
{"timestamp_start":"2025-08-24T20:55:24.392482+00:00","timestamp_end":"2025-08-24T20:55:24.392549+00:00","duration_ms":0.068,"func":"business_hours_between","module":"metrics","request_id":null,"ok":true}
{"timestamp_start":"2025-08-24T20:55:24.394671+00:00","timestamp_end":"2025-08-24T20:55:24.394761+00:00","duration_ms":0.092,"func":"business_hours_between","module":"metrics","request_id":null,"ok":true}
{"timestamp_start":"2025-08-24T20:55:24.397289+00:00","timestamp_end":"2025-08-24T20:55:24.397420+00:00","duration_ms":0.133,"func":"business_hours_between","module":"metrics","request_id":null,"ok":true}
{"timestamp_start":"2025-08-24T20:55:24.400580+00:00","timestamp_end":"2025-08-24T20:55:24.400716+00:00","duration_ms":0.137,"func":"business_hours_between","module":"metrics","request_id":null,"ok":true}
{"timestamp_start":"2025-08-24T20:55:24.403325+00:00","timestamp_end":"2025-08-24T20:55:24.403417+00:00","duration_ms":0.093,"func":"business_hours_between","module":"metrics","request_id":null,"ok":true}
{"timestamp_start":"2025-08-24T20:55:24.406004+00:00","timestamp_end":"2025-08-24T20:55:24.406224+00:00","duration_ms":0.224,"func":"business_hours_between","module":"metrics","request_id":null,"ok":true}
{"timestamp_start":"2025-08-24T20:55:24.409049+00:00","timestamp_end":"2025-08-24T20:55:24.409166+00:00","duration_ms":0.119,"func":"business_hours_between","module":"metrics","request_id":null,"ok":true}
{"timestamp_start":"2025-08-24T20:55:24.412389+00:00","timestamp_end":"2025-08-24T20:55:24.412513+00:00","duration_ms":0.127,"func":"business_hours_between","module":"metrics","request_id":null,"ok":true}
{"timestamp_start":"2025-08-24T20:55:24.414536+00:00","timestamp_end":"2025-08-24T20:55:24.414614+00:00","duration_ms":0.08,"func":"business_hours_between","module":"metrics","request_id":null,"ok":true}
{"timestamp_start":"2025-08-24T20:55:24.416794+00:00","timestamp_end":"2025-08-24T20:55:24.416849+00:00","duration_ms":0.057,"func":"business_hours_between","module":"metrics","request_id":null,"ok":true}
{"timestamp_start":"2025-08-24T20:55:24.419121+00:00","timestamp_end":"2025-08-24T20:55:24.419171+00:00","duration_ms":0.051,"func":"business_hours_between","module":"metrics","request_id":null,"ok":true}
{"timestamp_start":"2025-08-24T20:55:24.421151+00:00","timestamp_end":"2025-08-24T20:55:24.421188+00:00","duration_ms":0.038,"func":"business_hours_between","module":"metrics","request_id":null,"ok":true}
{"timestamp_start":"2025-08-24T20:55:24.424036+00:00","timestamp_end":"2025-08-24T20:55:24.424355+00:00","duration_ms":0.321,"func":"business_hours_between","module":"metrics","request_id":null,"ok":true}
{"timestamp_start":"2025-08-24T20:55:24.427373+00:00","timestamp_end":"2025-08-24T20:55:24.427457+00:00","duration_ms":0.086,"func":"business_hours_between","module":"metrics","request_id":null,"ok":true}
{"timestamp_start":"2025-08-24T20:55:24.429856+00:00","timestamp_end":"2025-08-24T20:55:24.429949+00:00","duration_ms":0.095,"func":"business_hours_between","module":"metrics","request_id":null,"ok":true}
{"timestamp_start":"2025-08-24T20:55:24.432106+00:00","timestamp_end":"2025-08-24T20:55:24.432180+00:00","duration_ms":0.075,"func":"business_hours_between","module":"metrics","request_id":null,"ok":true}
{"timestamp_start":"2025-08-24T20:55:24.226615+00:00","timestamp_end":"2025-08-24T20:55:24.436124+00:00","duration_ms":209.514,"func":"resolution_time_series","module":"metrics","request_id":null,"ok":true}
{"timestamp_start":"2025-08-24T20:55:24.438788+00:00","timestamp_end":"2025-08-24T20:55:24.440085+00:00","duration_ms":1.306,"func":"backlog_trend_series","module":"metrics","request_id":null,"ok":true}
{"timestamp_start":"2025-08-24T20:56:17.151468+00:00","timestamp_end":"2025-08-24T20:56:17.201126+00:00","duration_ms":49.665,"func":"_get","module":"glpi_client","request_id":null,"ok":true}
{"timestamp_start":"2025-08-24T20:56:16.883926+00:00","timestamp_end":"2025-08-24T20:56:17.204936+00:00","duration_ms":321.019,"func":"init_session","module":"glpi_client","request_id":null,"ok":true}
{"timestamp_start":"2025-08-24T20:56:17.208399+00:00","timestamp_end":"2025-08-24T20:56:17.290185+00:00","duration_ms":81.792,"func":"_get","module":"glpi_client","request_id":null,"ok":true}
{"timestamp_start":"2025-08-24T20:56:17.208395+00:00","timestamp_end":"2025-08-24T20:56:17.293829+00:00","duration_ms":85.44,"func":"list_search_options","module":"glpi_client","request_id":null,"ok":true}
{"timestamp_start":"2025-08-24T20:56:17.296923+00:00","timestamp_end":"2025-08-24T20:56:17.341661+00:00","duration_ms":44.746,"func":"try_get_group_name","module":"glpi_client","request_id":null,"ok":true}
{"timestamp_start":"2025-08-24T20:56:17.345419+00:00","timestamp_end":"2025-08-24T20:56:17.525930+00:00","duration_ms":180.516,"func":"_get","module":"glpi_client","request_id":null,"ok":true}
{"timestamp_start":"2025-08-24T20:56:17.345317+00:00","timestamp_end":"2025-08-24T20:56:17.530910+00:00","duration_ms":185.604,"func":"raw_search","module":"glpi_client","request_id":null,"ok":true}
{"timestamp_start":"2025-08-24T20:56:17.208383+00:00","timestamp_end":"2025-08-24T20:56:17.539210+00:00","duration_ms":330.834,"func":"bulk_search_observer_tickets","module":"data_access","request_id":null,"ok":true}
{"timestamp_start":"2025-08-24T20:56:17.543363+00:00","timestamp_end":"2025-08-24T20:56:17.546339+00:00","duration_ms":2.98,"func":"normalize_ticket_df","module":"metrics","request_id":null,"ok":true}
{"timestamp_start":"2025-08-24T20:56:17.550781+00:00","timestamp_end":"2025-08-24T20:56:17.594347+00:00","duration_ms":43.57,"func":"_get","module":"glpi_client","request_id":null,"ok":true}
{"timestamp_start":"2025-08-24T20:56:17.550771+00:00","timestamp_end":"2025-08-24T20:56:17.598320+00:00","duration_ms":47.556,"func":"kill_session","module":"glpi_client","request_id":null,"ok":true}
{"timestamp_start":"2025-08-24T20:56:17.602449+00:00","timestamp_end":"2025-08-24T20:56:17.606497+00:00","duration_ms":4.053,"func":"created_resolved","module":"metrics","request_id":null,"ok":true}
{"timestamp_start":"2025-08-24T20:56:17.610375+00:00","timestamp_end":"2025-08-24T20:56:17.611467+00:00","duration_ms":1.106,"func":"backlog_trend_series","module":"metrics","request_id":null,"ok":true}
{"timestamp_start":"2025-08-24T20:56:17.613632+00:00","timestamp_end":"2025-08-24T20:56:17.614800+00:00","duration_ms":1.176,"func":"backlog_status","module":"metrics","request_id":null,"ok":true}
{"timestamp_start":"2025-08-24T20:56:17.618929+00:00","timestamp_end":"2025-08-24T20:56:17.622112+00:00","duration_ms":3.189,"func":"sla_solution","module":"metrics","request_id":null,"ok":true}
{"timestamp_start":"2025-08-24T20:56:17.625735+00:00","timestamp_end":"2025-08-24T20:56:17.628276+00:00","duration_ms":2.556,"func":"aging_buckets","module":"metrics","request_id":null,"ok":true}
{"timestamp_start":"2025-08-24T20:56:17.631854+00:00","timestamp_end":"2025-08-24T20:56:17.633138+00:00","duration_ms":1.289,"func":"composition","module":"metrics","request_id":null,"ok":true}
{"timestamp_start":"2025-08-24T20:56:17.637556+00:00","timestamp_end":"2025-08-24T20:56:17.638436+00:00","duration_ms":0.885,"func":"load_by_assignee","module":"metrics","request_id":null,"ok":true}
{"timestamp_start":"2025-08-24T20:56:17.646560+00:00","timestamp_end":"2025-08-24T20:56:17.646632+00:00","duration_ms":0.074,"func":"business_hours_between","module":"metrics","request_id":null,"ok":true}
{"timestamp_start":"2025-08-24T20:56:17.649932+00:00","timestamp_end":"2025-08-24T20:56:17.650012+00:00","duration_ms":0.082,"func":"business_hours_between","module":"metrics","request_id":null,"ok":true}
{"timestamp_start":"2025-08-24T20:56:17.655039+00:00","timestamp_end":"2025-08-24T20:56:17.655147+00:00","duration_ms":0.111,"func":"business_hours_between","module":"metrics","request_id":null,"ok":true}
{"timestamp_start":"2025-08-24T20:56:17.657371+00:00","timestamp_end":"2025-08-24T20:56:17.657504+00:00","duration_ms":0.136,"func":"business_hours_between","module":"metrics","request_id":null,"ok":true}
{"timestamp_start":"2025-08-24T20:56:17.661097+00:00","timestamp_end":"2025-08-24T20:56:17.661306+00:00","duration_ms":0.213,"func":"business_hours_between","module":"metrics","request_id":null,"ok":true}
{"timestamp_start":"2025-08-24T20:56:17.665208+00:00","timestamp_end":"2025-08-24T20:56:17.665300+00:00","duration_ms":0.094,"func":"business_hours_between","module":"metrics","request_id":null,"ok":true}
{"timestamp_start":"2025-08-24T20:56:17.668193+00:00","timestamp_end":"2025-08-24T20:56:17.668284+00:00","duration_ms":0.093,"func":"business_hours_between","module":"metrics","request_id":null,"ok":true}
{"timestamp_start":"2025-08-24T20:56:17.670780+00:00","timestamp_end":"2025-08-24T20:56:17.671038+00:00","duration_ms":0.264,"func":"business_hours_between","module":"metrics","request_id":null,"ok":true}
{"timestamp_start":"2025-08-24T20:56:17.673498+00:00","timestamp_end":"2025-08-24T20:56:17.673724+00:00","duration_ms":0.229,"func":"business_hours_between","module":"metrics","request_id":null,"ok":true}
{"timestamp_start":"2025-08-24T20:56:17.676679+00:00","timestamp_end":"2025-08-24T20:56:17.676783+00:00","duration_ms":0.107,"func":"business_hours_between","module":"metrics","request_id":null,"ok":true}
{"timestamp_start":"2025-08-24T20:56:17.679921+00:00","timestamp_end":"2025-08-24T20:56:17.680020+00:00","duration_ms":0.101,"func":"business_hours_between","module":"metrics","request_id":null,"ok":true}
{"timestamp_start":"2025-08-24T20:56:17.683258+00:00","timestamp_end":"2025-08-24T20:56:17.683332+00:00","duration_ms":0.075,"func":"business_hours_between","module":"metrics","request_id":null,"ok":true}
{"timestamp_start":"2025-08-24T20:56:17.685974+00:00","timestamp_end":"2025-08-24T20:56:17.686066+00:00","duration_ms":0.094,"func":"business_hours_between","module":"metrics","request_id":null,"ok":true}
{"timestamp_start":"2025-08-24T20:56:17.689120+00:00","timestamp_end":"2025-08-24T20:56:17.689198+00:00","duration_ms":0.08,"func":"business_hours_between","module":"metrics","request_id":null,"ok":true}
{"timestamp_start":"2025-08-24T20:56:17.691893+00:00","timestamp_end":"2025-08-24T20:56:17.691977+00:00","duration_ms":0.087,"func":"business_hours_between","module":"metrics","request_id":null,"ok":true}
{"timestamp_start":"2025-08-24T20:56:17.694696+00:00","timestamp_end":"2025-08-24T20:56:17.694853+00:00","duration_ms":0.16,"func":"business_hours_between","module":"metrics","request_id":null,"ok":true}
{"timestamp_start":"2025-08-24T20:56:17.698173+00:00","timestamp_end":"2025-08-24T20:56:17.698280+00:00","duration_ms":0.11,"func":"business_hours_between","module":"metrics","request_id":null,"ok":true}
{"timestamp_start":"2025-08-24T20:56:17.701272+00:00","timestamp_end":"2025-08-24T20:56:17.701380+00:00","duration_ms":0.11,"func":"business_hours_between","module":"metrics","request_id":null,"ok":true}
{"timestamp_start":"2025-08-24T20:56:17.704409+00:00","timestamp_end":"2025-08-24T20:56:17.705001+00:00","duration_ms":0.6,"func":"business_hours_between","module":"metrics","request_id":null,"ok":true}
{"timestamp_start":"2025-08-24T20:56:17.707614+00:00","timestamp_end":"2025-08-24T20:56:17.707742+00:00","duration_ms":0.13,"func":"business_hours_between","module":"metrics","request_id":null,"ok":true}
{"timestamp_start":"2025-08-24T20:56:17.710581+00:00","timestamp_end":"2025-08-24T20:56:17.710705+00:00","duration_ms":0.127,"func":"business_hours_between","module":"metrics","request_id":null,"ok":true}
{"timestamp_start":"2025-08-24T20:56:17.713737+00:00","timestamp_end":"2025-08-24T20:56:17.713817+00:00","duration_ms":0.083,"func":"business_hours_between","module":"metrics","request_id":null,"ok":true}
{"timestamp_start":"2025-08-24T20:56:17.717222+00:00","timestamp_end":"2025-08-24T20:56:17.717329+00:00","duration_ms":0.108,"func":"business_hours_between","module":"metrics","request_id":null,"ok":true}
{"timestamp_start":"2025-08-24T20:56:17.720572+00:00","timestamp_end":"2025-08-24T20:56:17.720740+00:00","duration_ms":0.172,"func":"business_hours_between","module":"metrics","request_id":null,"ok":true}
{"timestamp_start":"2025-08-24T20:56:17.723573+00:00","timestamp_end":"2025-08-24T20:56:17.723701+00:00","duration_ms":0.132,"func":"business_hours_between","module":"metrics","request_id":null,"ok":true}
{"timestamp_start":"2025-08-24T20:56:17.726321+00:00","timestamp_end":"2025-08-24T20:56:17.726376+00:00","duration_ms":0.056,"func":"business_hours_between","module":"metrics","request_id":null,"ok":true}
{"timestamp_start":"2025-08-24T20:56:17.729109+00:00","timestamp_end":"2025-08-24T20:56:17.729251+00:00","duration_ms":0.147,"func":"business_hours_between","module":"metrics","request_id":null,"ok":true}
{"timestamp_start":"2025-08-24T20:56:17.732752+00:00","timestamp_end":"2025-08-24T20:56:17.732861+00:00","duration_ms":0.112,"func":"business_hours_between","module":"metrics","request_id":null,"ok":true}
{"timestamp_start":"2025-08-24T20:56:17.735476+00:00","timestamp_end":"2025-08-24T20:56:17.735576+00:00","duration_ms":0.101,"func":"business_hours_between","module":"metrics","request_id":null,"ok":true}
{"timestamp_start":"2025-08-24T20:56:17.739104+00:00","timestamp_end":"2025-08-24T20:56:17.739444+00:00","duration_ms":0.346,"func":"business_hours_between","module":"metrics","request_id":null,"ok":true}
{"timestamp_start":"2025-08-24T20:56:17.742846+00:00","timestamp_end":"2025-08-24T20:56:17.743078+00:00","duration_ms":0.235,"func":"business_hours_between","module":"metrics","request_id":null,"ok":true}
{"timestamp_start":"2025-08-24T20:56:17.746565+00:00","timestamp_end":"2025-08-24T20:56:17.746723+00:00","duration_ms":0.164,"func":"business_hours_between","module":"metrics","request_id":null,"ok":true}
{"timestamp_start":"2025-08-24T20:56:17.749880+00:00","timestamp_end":"2025-08-24T20:56:17.750022+00:00","duration_ms":0.144,"func":"business_hours_between","module":"metrics","request_id":null,"ok":true}
{"timestamp_start":"2025-08-24T20:56:17.752909+00:00","timestamp_end":"2025-08-24T20:56:17.753065+00:00","duration_ms":0.158,"func":"business_hours_between","module":"metrics","request_id":null,"ok":true}
{"timestamp_start":"2025-08-24T20:56:17.756317+00:00","timestamp_end":"2025-08-24T20:56:17.756453+00:00","duration_ms":0.139,"func":"business_hours_between","module":"metrics","request_id":null,"ok":true}
{"timestamp_start":"2025-08-24T20:56:17.759836+00:00","timestamp_end":"2025-08-24T20:56:17.760713+00:00","duration_ms":0.882,"func":"business_hours_between","module":"metrics","request_id":null,"ok":true}
{"timestamp_start":"2025-08-24T20:56:17.645056+00:00","timestamp_end":"2025-08-24T20:56:17.766122+00:00","duration_ms":121.073,"func":"resolution_time_series","module":"metrics","request_id":null,"ok":true}
{"timestamp_start":"2025-08-24T20:56:17.771486+00:00","timestamp_end":"2025-08-24T20:56:17.771570+00:00","duration_ms":0.086,"func":"business_hours_between","module":"metrics","request_id":null,"ok":true}
{"timestamp_start":"2025-08-24T20:56:17.775237+00:00","timestamp_end":"2025-08-24T20:56:17.775445+00:00","duration_ms":0.213,"func":"business_hours_between","module":"metrics","request_id":null,"ok":true}
{"timestamp_start":"2025-08-24T20:56:17.778989+00:00","timestamp_end":"2025-08-24T20:56:17.779139+00:00","duration_ms":0.154,"func":"business_hours_between","module":"metrics","request_id":null,"ok":true}
{"timestamp_start":"2025-08-24T20:56:17.781795+00:00","timestamp_end":"2025-08-24T20:56:17.781873+00:00","duration_ms":0.08,"func":"business_hours_between","module":"metrics","request_id":null,"ok":true}
{"timestamp_start":"2025-08-24T20:56:17.784896+00:00","timestamp_end":"2025-08-24T20:56:17.784974+00:00","duration_ms":0.079,"func":"business_hours_between","module":"metrics","request_id":null,"ok":true}
{"timestamp_start":"2025-08-24T20:56:17.788259+00:00","timestamp_end":"2025-08-24T20:56:17.788346+00:00","duration_ms":0.09,"func":"business_hours_between","module":"metrics","request_id":null,"ok":true}
{"timestamp_start":"2025-08-24T20:56:17.791319+00:00","timestamp_end":"2025-08-24T20:56:17.791479+00:00","duration_ms":0.164,"func":"business_hours_between","module":"metrics","request_id":null,"ok":true}
{"timestamp_start":"2025-08-24T20:56:17.794384+00:00","timestamp_end":"2025-08-24T20:56:17.794581+00:00","duration_ms":0.2,"func":"business_hours_between","module":"metrics","request_id":null,"ok":true}
{"timestamp_start":"2025-08-24T20:56:17.798101+00:00","timestamp_end":"2025-08-24T20:56:17.798328+00:00","duration_ms":0.231,"func":"business_hours_between","module":"metrics","request_id":null,"ok":true}
{"timestamp_start":"2025-08-24T20:56:17.801123+00:00","timestamp_end":"2025-08-24T20:56:17.801204+00:00","duration_ms":0.082,"func":"business_hours_between","module":"metrics","request_id":null,"ok":true}
{"timestamp_start":"2025-08-24T20:56:17.804547+00:00","timestamp_end":"2025-08-24T20:56:17.804689+00:00","duration_ms":0.146,"func":"business_hours_between","module":"metrics","request_id":null,"ok":true}
{"timestamp_start":"2025-08-24T20:56:17.807931+00:00","timestamp_end":"2025-08-24T20:56:17.808011+00:00","duration_ms":0.083,"func":"business_hours_between","module":"metrics","request_id":null,"ok":true}
{"timestamp_start":"2025-08-24T20:56:17.811068+00:00","timestamp_end":"2025-08-24T20:56:17.811238+00:00","duration_ms":0.174,"func":"business_hours_between","module":"metrics","request_id":null,"ok":true}
{"timestamp_start":"2025-08-24T20:56:17.814404+00:00","timestamp_end":"2025-08-24T20:56:17.814490+00:00","duration_ms":0.089,"func":"business_hours_between","module":"metrics","request_id":null,"ok":true}
{"timestamp_start":"2025-08-24T20:56:17.817111+00:00","timestamp_end":"2025-08-24T20:56:17.817220+00:00","duration_ms":0.114,"func":"business_hours_between","module":"metrics","request_id":null,"ok":true}
{"timestamp_start":"2025-08-24T20:56:17.819935+00:00","timestamp_end":"2025-08-24T20:56:17.820021+00:00","duration_ms":0.089,"func":"business_hours_between","module":"metrics","request_id":null,"ok":true}
{"timestamp_start":"2025-08-24T20:56:17.823179+00:00","timestamp_end":"2025-08-24T20:56:17.823295+00:00","duration_ms":0.119,"func":"business_hours_between","module":"metrics","request_id":null,"ok":true}
{"timestamp_start":"2025-08-24T20:56:17.826672+00:00","timestamp_end":"2025-08-24T20:56:17.826901+00:00","duration_ms":0.232,"func":"business_hours_between","module":"metrics","request_id":null,"ok":true}
{"timestamp_start":"2025-08-24T20:56:17.830195+00:00","timestamp_end":"2025-08-24T20:56:17.830408+00:00","duration_ms":0.216,"func":"business_hours_between","module":"metrics","request_id":null,"ok":true}
{"timestamp_start":"2025-08-24T20:56:17.833694+00:00","timestamp_end":"2025-08-24T20:56:17.833856+00:00","duration_ms":0.165,"func":"business_hours_between","module":"metrics","request_id":null,"ok":true}
{"timestamp_start":"2025-08-24T20:56:17.836997+00:00","timestamp_end":"2025-08-24T20:56:17.837171+00:00","duration_ms":0.177,"func":"business_hours_between","module":"metrics","request_id":null,"ok":true}
{"timestamp_start":"2025-08-24T20:56:17.840196+00:00","timestamp_end":"2025-08-24T20:56:17.840275+00:00","duration_ms":0.083,"func":"business_hours_between","module":"metrics","request_id":null,"ok":true}
{"timestamp_start":"2025-08-24T20:56:17.842932+00:00","timestamp_end":"2025-08-24T20:56:17.843022+00:00","duration_ms":0.092,"func":"business_hours_between","module":"metrics","request_id":null,"ok":true}
{"timestamp_start":"2025-08-24T20:56:17.845713+00:00","timestamp_end":"2025-08-24T20:56:17.845866+00:00","duration_ms":0.157,"func":"business_hours_between","module":"metrics","request_id":null,"ok":true}
{"timestamp_start":"2025-08-24T20:56:17.848436+00:00","timestamp_end":"2025-08-24T20:56:17.848545+00:00","duration_ms":0.113,"func":"business_hours_between","module":"metrics","request_id":null,"ok":true}
{"timestamp_start":"2025-08-24T20:56:17.850996+00:00","timestamp_end":"2025-08-24T20:56:17.851063+00:00","duration_ms":0.07,"func":"business_hours_between","module":"metrics","request_id":null,"ok":true}
{"timestamp_start":"2025-08-24T20:56:17.853537+00:00","timestamp_end":"2025-08-24T20:56:17.853633+00:00","duration_ms":0.098,"func":"business_hours_between","module":"metrics","request_id":null,"ok":true}
{"timestamp_start":"2025-08-24T20:56:17.856334+00:00","timestamp_end":"2025-08-24T20:56:17.856436+00:00","duration_ms":0.105,"func":"business_hours_between","module":"metrics","request_id":null,"ok":true}
{"timestamp_start":"2025-08-24T20:56:17.858698+00:00","timestamp_end":"2025-08-24T20:56:17.858802+00:00","duration_ms":0.106,"func":"business_hours_between","module":"metrics","request_id":null,"ok":true}
{"timestamp_start":"2025-08-24T20:56:17.860882+00:00","timestamp_end":"2025-08-24T20:56:17.861044+00:00","duration_ms":0.164,"func":"business_hours_between","module":"metrics","request_id":null,"ok":true}
{"timestamp_start":"2025-08-24T20:56:17.863665+00:00","timestamp_end":"2025-08-24T20:56:17.863911+00:00","duration_ms":0.25,"func":"business_hours_between","module":"metrics","request_id":null,"ok":true}
{"timestamp_start":"2025-08-24T20:56:17.866699+00:00","timestamp_end":"2025-08-24T20:56:17.866763+00:00","duration_ms":0.064,"func":"business_hours_between","module":"metrics","request_id":null,"ok":true}
{"timestamp_start":"2025-08-24T20:56:17.869317+00:00","timestamp_end":"2025-08-24T20:56:17.869442+00:00","duration_ms":0.127,"func":"business_hours_between","module":"metrics","request_id":null,"ok":true}
{"timestamp_start":"2025-08-24T20:56:17.872471+00:00","timestamp_end":"2025-08-24T20:56:17.872642+00:00","duration_ms":0.173,"func":"business_hours_between","module":"metrics","request_id":null,"ok":true}
{"timestamp_start":"2025-08-24T20:56:17.875120+00:00","timestamp_end":"2025-08-24T20:56:17.875243+00:00","duration_ms":0.124,"func":"business_hours_between","module":"metrics","request_id":null,"ok":true}
{"timestamp_start":"2025-08-24T20:56:17.878339+00:00","timestamp_end":"2025-08-24T20:56:17.878862+00:00","duration_ms":0.614,"func":"business_hours_between","module":"metrics","request_id":null,"ok":true}
{"timestamp_start":"2025-08-24T20:56:17.769773+00:00","timestamp_end":"2025-08-24T20:56:17.882985+00:00","duration_ms":113.22,"func":"resolution_time_series","module":"metrics","request_id":null,"ok":true}
{"timestamp_start":"2025-08-24T20:56:17.885490+00:00","timestamp_end":"2025-08-24T20:56:17.886559+00:00","duration_ms":1.084,"func":"backlog_trend_series","module":"metrics","request_id":null,"ok":true}
{"timestamp_start":"2025-08-24T20:57:08.417121+00:00","timestamp_end":"2025-08-24T20:57:08.470007+00:00","duration_ms":52.895,"func":"_get","module":"glpi_client","request_id":null,"ok":true}
{"timestamp_start":"2025-08-24T20:57:08.117256+00:00","timestamp_end":"2025-08-24T20:57:08.477787+00:00","duration_ms":360.536,"func":"init_session","module":"glpi_client","request_id":null,"ok":true}
{"timestamp_start":"2025-08-24T20:57:08.490071+00:00","timestamp_end":"2025-08-24T20:57:08.552754+00:00","duration_ms":62.693,"func":"_get","module":"glpi_client","request_id":null,"ok":true}
{"timestamp_start":"2025-08-24T20:57:08.490068+00:00","timestamp_end":"2025-08-24T20:57:08.555582+00:00","duration_ms":65.522,"func":"list_search_options","module":"glpi_client","request_id":null,"ok":true}
{"timestamp_start":"2025-08-24T20:57:08.557817+00:00","timestamp_end":"2025-08-24T20:57:08.597133+00:00","duration_ms":39.324,"func":"try_get_group_name","module":"glpi_client","request_id":null,"ok":true}
{"timestamp_start":"2025-08-24T20:57:08.599761+00:00","timestamp_end":"2025-08-24T20:57:08.783263+00:00","duration_ms":183.506,"func":"_get","module":"glpi_client","request_id":null,"ok":true}
{"timestamp_start":"2025-08-24T20:57:08.599744+00:00","timestamp_end":"2025-08-24T20:57:08.785791+00:00","duration_ms":186.055,"func":"raw_search","module":"glpi_client","request_id":null,"ok":true}
{"timestamp_start":"2025-08-24T20:57:08.490055+00:00","timestamp_end":"2025-08-24T20:57:08.791782+00:00","duration_ms":301.733,"func":"bulk_search_observer_tickets","module":"data_access","request_id":null,"ok":true}
{"timestamp_start":"2025-08-24T20:57:08.795611+00:00","timestamp_end":"2025-08-24T20:57:08.798471+00:00","duration_ms":2.866,"func":"normalize_ticket_df","module":"metrics","request_id":null,"ok":true}
{"timestamp_start":"2025-08-24T20:57:08.801992+00:00","timestamp_end":"2025-08-24T20:57:08.844567+00:00","duration_ms":42.579,"func":"_get","module":"glpi_client","request_id":null,"ok":true}
{"timestamp_start":"2025-08-24T20:57:08.801986+00:00","timestamp_end":"2025-08-24T20:57:08.847253+00:00","duration_ms":45.275,"func":"kill_session","module":"glpi_client","request_id":null,"ok":true}
{"timestamp_start":"2025-08-24T20:57:09.073510+00:00","timestamp_end":"2025-08-24T20:57:09.113561+00:00","duration_ms":40.058,"func":"_get","module":"glpi_client","request_id":null,"ok":true}
{"timestamp_start":"2025-08-24T20:57:08.851526+00:00","timestamp_end":"2025-08-24T20:57:09.116976+00:00","duration_ms":265.454,"func":"init_session","module":"glpi_client","request_id":null,"ok":true}
{"timestamp_start":"2025-08-24T20:57:09.120757+00:00","timestamp_end":"2025-08-24T20:57:09.162970+00:00","duration_ms":42.218,"func":"_get","module":"glpi_client","request_id":null,"ok":true}
{"timestamp_start":"2025-08-24T20:57:09.120750+00:00","timestamp_end":"2025-08-24T20:57:09.166427+00:00","duration_ms":45.684,"func":"get_item","module":"glpi_client","request_id":null,"ok":true}
{"timestamp_start":"2025-08-24T20:57:09.169878+00:00","timestamp_end":"2025-08-24T20:57:09.211573+00:00","duration_ms":41.7,"func":"_get","module":"glpi_client","request_id":null,"ok":false,"error":"RuntimeError:HTTPError 403 em https://agilize.unimedvitoria.com.br/apirest.php/User/2822 | Resposta: [\"ERROR_RIGHT_MISSING\",\"Você não tem permissão para executar essa ação.\"]"}
{"timestamp_start":"2025-08-24T20:57:09.169860+00:00","timestamp_end":"2025-08-24T20:57:09.214837+00:00","duration_ms":44.987,"func":"get_item","module":"glpi_client","request_id":null,"ok":false,"error":"RuntimeError:HTTPError 403 em https://agilize.unimedvitoria.com.br/apirest.php/User/2822 | Resposta: [\"ERROR_RIGHT_MISSING\",\"Você não tem permissão para executar essa ação.\"]"}
{"timestamp_start":"2025-08-24T20:57:09.217869+00:00","timestamp_end":"2025-08-24T20:57:09.265065+00:00","duration_ms":47.201,"func":"_get","module":"glpi_client","request_id":null,"ok":false,"error":"RuntimeError:HTTPError 403 em https://agilize.unimedvitoria.com.br/apirest.php/User/4094 | Resposta: [\"ERROR_RIGHT_MISSING\",\"Você não tem permissão para executar essa ação.\"]"}
{"timestamp_start":"2025-08-24T20:57:09.217858+00:00","timestamp_end":"2025-08-24T20:57:09.268331+00:00","duration_ms":50.481,"func":"get_item","module":"glpi_client","request_id":null,"ok":false,"error":"RuntimeError:HTTPError 403 em https://agilize.unimedvitoria.com.br/apirest.php/User/4094 | Resposta: [\"ERROR_RIGHT_MISSING\",\"Você não tem permissão para executar essa ação.\"]"}
{"timestamp_start":"2025-08-24T20:57:09.272175+00:00","timestamp_end":"2025-08-24T20:57:09.317176+00:00","duration_ms":45.006,"func":"_get","module":"glpi_client","request_id":null,"ok":false,"error":"RuntimeError:HTTPError 403 em https://agilize.unimedvitoria.com.br/apirest.php/ITILCategory/113 | Resposta: [\"ERROR_RIGHT_MISSING\",\"Você não tem permissão para executar essa ação.\"]"}
{"timestamp_start":"2025-08-24T20:57:09.272164+00:00","timestamp_end":"2025-08-24T20:57:09.320284+00:00","duration_ms":48.128,"func":"get_item","module":"glpi_client","request_id":null,"ok":false,"error":"RuntimeError:HTTPError 403 em https://agilize.unimedvitoria.com.br/apirest.php/ITILCategory/113 | Resposta: [\"ERROR_RIGHT_MISSING\",\"Você não tem permissão para executar essa ação.\"]"}
{"timestamp_start":"2025-08-24T20:57:09.323008+00:00","timestamp_end":"2025-08-24T20:57:09.368764+00:00","duration_ms":45.759,"func":"_get","module":"glpi_client","request_id":null,"ok":true}
{"timestamp_start":"2025-08-24T20:57:09.322999+00:00","timestamp_end":"2025-08-24T20:57:09.370869+00:00","duration_ms":47.879,"func":"get_item","module":"glpi_client","request_id":null,"ok":true}
{"timestamp_start":"2025-08-24T20:57:09.373502+00:00","timestamp_end":"2025-08-24T20:57:09.413931+00:00","duration_ms":40.433,"func":"_get","module":"glpi_client","request_id":null,"ok":false,"error":"RuntimeError:HTTPError 403 em https://agilize.unimedvitoria.com.br/apirest.php/User/6028 | Resposta: [\"ERROR_RIGHT_MISSING\",\"Você não tem permissão para executar essa ação.\"]"}
{"timestamp_start":"2025-08-24T20:57:09.373492+00:00","timestamp_end":"2025-08-24T20:57:09.416534+00:00","duration_ms":43.051,"func":"get_item","module":"glpi_client","request_id":null,"ok":false,"error":"RuntimeError:HTTPError 403 em https://agilize.unimedvitoria.com.br/apirest.php/User/6028 | Resposta: [\"ERROR_RIGHT_MISSING\",\"Você não tem permissão para executar essa ação.\"]"}
{"timestamp_start":"2025-08-24T20:57:09.419342+00:00","timestamp_end":"2025-08-24T20:57:09.462339+00:00","duration_ms":43.001,"func":"_get","module":"glpi_client","request_id":null,"ok":false,"error":"RuntimeError:HTTPError 403 em https://agilize.unimedvitoria.com.br/apirest.php/User/66 | Resposta: [\"ERROR_RIGHT_MISSING\",\"Você não tem permissão para executar essa ação.\"]"}
{"timestamp_start":"2025-08-24T20:57:09.419325+00:00","timestamp_end":"2025-08-24T20:57:09.464835+00:00","duration_ms":45.522,"func":"get_item","module":"glpi_client","request_id":null,"ok":false,"error":"RuntimeError:HTTPError 403 em https://agilize.unimedvitoria.com.br/apirest.php/User/66 | Resposta: [\"ERROR_RIGHT_MISSING\",\"Você não tem permissão para executar essa ação.\"]"}
{"timestamp_start":"2025-08-24T20:57:09.467376+00:00","timestamp_end":"2025-08-24T20:57:09.510415+00:00","duration_ms":43.049,"func":"_get","module":"glpi_client","request_id":null,"ok":true}
{"timestamp_start":"2025-08-24T20:57:09.467366+00:00","timestamp_end":"2025-08-24T20:57:09.513403+00:00","duration_ms":46.046,"func":"get_item","module":"glpi_client","request_id":null,"ok":true}
{"timestamp_start":"2025-08-24T20:57:09.516249+00:00","timestamp_end":"2025-08-24T20:57:09.554824+00:00","duration_ms":38.58,"func":"_get","module":"glpi_client","request_id":null,"ok":false,"error":"RuntimeError:HTTPError 403 em https://agilize.unimedvitoria.com.br/apirest.php/User/6039 | Resposta: [\"ERROR_RIGHT_MISSING\",\"Você não tem permissão para executar essa ação.\"]"}
{"timestamp_start":"2025-08-24T20:57:09.516228+00:00","timestamp_end":"2025-08-24T20:57:09.557569+00:00","duration_ms":41.35,"func":"get_item","module":"glpi_client","request_id":null,"ok":false,"error":"RuntimeError:HTTPError 403 em https://agilize.unimedvitoria.com.br/apirest.php/User/6039 | Resposta: [\"ERROR_RIGHT_MISSING\",\"Você não tem permissão para executar essa ação.\"]"}
{"timestamp_start":"2025-08-24T20:57:09.560318+00:00","timestamp_end":"2025-08-24T20:57:09.604615+00:00","duration_ms":44.301,"func":"_get","module":"glpi_client","request_id":null,"ok":false,"error":"RuntimeError:HTTPError 403 em https://agilize.unimedvitoria.com.br/apirest.php/User/78 | Resposta: [\"ERROR_RIGHT_MISSING\",\"Você não tem permissão para executar essa ação.\"]"}
{"timestamp_start":"2025-08-24T20:57:09.560309+00:00","timestamp_end":"2025-08-24T20:57:09.607205+00:00","duration_ms":46.906,"func":"get_item","module":"glpi_client","request_id":null,"ok":false,"error":"RuntimeError:HTTPError 403 em https://agilize.unimedvitoria.com.br/apirest.php/User/78 | Resposta: [\"ERROR_RIGHT_MISSING\",\"Você não tem permissão para executar essa ação.\"]"}
{"timestamp_start":"2025-08-24T20:57:09.609399+00:00","timestamp_end":"2025-08-24T20:57:09.648269+00:00","duration_ms":38.874,"func":"_get","module":"glpi_client","request_id":null,"ok":false,"error":"RuntimeError:HTTPError 403 em https://agilize.unimedvitoria.com.br/apirest.php/ITILCategory/87 | Resposta: [\"ERROR_RIGHT_MISSING\",\"Você não tem permissão para executar essa ação.\"]"}
{"timestamp_start":"2025-08-24T20:57:09.609382+00:00","timestamp_end":"2025-08-24T20:57:09.651012+00:00","duration_ms":41.64,"func":"get_item","module":"glpi_client","request_id":null,"ok":false,"error":"RuntimeError:HTTPError 403 em https://agilize.unimedvitoria.com.br/apirest.php/ITILCategory/87 | Resposta: [\"ERROR_RIGHT_MISSING\",\"Você não tem permissão para executar essa ação.\"]"}
{"timestamp_start":"2025-08-24T20:57:09.653874+00:00","timestamp_end":"2025-08-24T20:57:09.696519+00:00","duration_ms":42.651,"func":"_get","module":"glpi_client","request_id":null,"ok":true}
{"timestamp_start":"2025-08-24T20:57:09.653864+00:00","timestamp_end":"2025-08-24T20:57:09.700552+00:00","duration_ms":46.693,"func":"get_item","module":"glpi_client","request_id":null,"ok":true}
{"timestamp_start":"2025-08-24T20:57:09.703171+00:00","timestamp_end":"2025-08-24T20:57:09.745661+00:00","duration_ms":42.498,"func":"_get","module":"glpi_client","request_id":null,"ok":false,"error":"RuntimeError:HTTPError 403 em https://agilize.unimedvitoria.com.br/apirest.php/User/3913 | Resposta: [\"ERROR_RIGHT_MISSING\",\"Você não tem permissão para executar essa ação.\"]"}
{"timestamp_start":"2025-08-24T20:57:09.703154+00:00","timestamp_end":"2025-08-24T20:57:09.748261+00:00","duration_ms":45.115,"func":"get_item","module":"glpi_client","request_id":null,"ok":false,"error":"RuntimeError:HTTPError 403 em https://agilize.unimedvitoria.com.br/apirest.php/User/3913 | Resposta: [\"ERROR_RIGHT_MISSING\",\"Você não tem permissão para executar essa ação.\"]"}
{"timestamp_start":"2025-08-24T20:57:09.751100+00:00","timestamp_end":"2025-08-24T20:57:09.793314+00:00","duration_ms":42.218,"func":"_get","module":"glpi_client","request_id":null,"ok":false,"error":"RuntimeError:HTTPError 403 em https://agilize.unimedvitoria.com.br/apirest.php/User/80 | Resposta: [\"ERROR_RIGHT_MISSING\",\"Você não tem permissão para executar essa ação.\"]"}
{"timestamp_start":"2025-08-24T20:57:09.751091+00:00","timestamp_end":"2025-08-24T20:57:09.796057+00:00","duration_ms":44.973,"func":"get_item","module":"glpi_client","request_id":null,"ok":false,"error":"RuntimeError:HTTPError 403 em https://agilize.unimedvitoria.com.br/apirest.php/User/80 | Resposta: [\"ERROR_RIGHT_MISSING\",\"Você não tem permissão para executar essa ação.\"]"}
{"timestamp_start":"2025-08-24T20:57:09.798984+00:00","timestamp_end":"2025-08-24T20:57:09.841532+00:00","duration_ms":42.552,"func":"_get","module":"glpi_client","request_id":null,"ok":true}
{"timestamp_start":"2025-08-24T20:57:09.798978+00:00","timestamp_end":"2025-08-24T20:57:09.844398+00:00","duration_ms":45.426,"func":"get_item","module":"glpi_client","request_id":null,"ok":true}
{"timestamp_start":"2025-08-24T20:57:09.847257+00:00","timestamp_end":"2025-08-24T20:57:09.887302+00:00","duration_ms":40.049,"func":"_get","module":"glpi_client","request_id":null,"ok":false,"error":"RuntimeError:HTTPError 403 em https://agilize.unimedvitoria.com.br/apirest.php/User/107 | Resposta: [\"ERROR_RIGHT_MISSING\",\"Você não tem permissão para executar essa ação.\"]"}
{"timestamp_start":"2025-08-24T20:57:09.847246+00:00","timestamp_end":"2025-08-24T20:57:09.890661+00:00","duration_ms":43.421,"func":"get_item","module":"glpi_client","request_id":null,"ok":false,"error":"RuntimeError:HTTPError 403 em https://agilize.unimedvitoria.com.br/apirest.php/User/107 | Resposta: [\"ERROR_RIGHT_MISSING\",\"Você não tem permissão para executar essa ação.\"]"}
{"timestamp_start":"2025-08-24T20:57:09.892863+00:00","timestamp_end":"2025-08-24T20:57:09.930575+00:00","duration_ms":37.716,"func":"_get","module":"glpi_client","request_id":null,"ok":false,"error":"RuntimeError:HTTPError 403 em https://agilize.unimedvitoria.com.br/apirest.php/ITILCategory/92 | Resposta: [\"ERROR_RIGHT_MISSING\",\"Você não tem permissão para executar essa ação.\"]"}
{"timestamp_start":"2025-08-24T20:57:09.892847+00:00","timestamp_end":"2025-08-24T20:57:09.934245+00:00","duration_ms":41.408,"func":"get_item","module":"glpi_client","request_id":null,"ok":false,"error":"RuntimeError:HTTPError 403 em https://agilize.unimedvitoria.com.br/apirest.php/ITILCategory/92 | Resposta: [\"ERROR_RIGHT_MISSING\",\"Você não tem permissão para executar essa ação.\"]"}
{"timestamp_start":"2025-08-24T20:57:09.936982+00:00","timestamp_end":"2025-08-24T20:57:09.978960+00:00","duration_ms":41.983,"func":"_get","module":"glpi_client","request_id":null,"ok":true}
{"timestamp_start":"2025-08-24T20:57:09.936975+00:00","timestamp_end":"2025-08-24T20:57:09.982551+00:00","duration_ms":45.583,"func":"get_item","module":"glpi_client","request_id":null,"ok":true}
{"timestamp_start":"2025-08-24T20:57:09.985058+00:00","timestamp_end":"2025-08-24T20:57:10.023172+00:00","duration_ms":38.118,"func":"_get","module":"glpi_client","request_id":null,"ok":false,"error":"RuntimeError:HTTPError 403 em https://agilize.unimedvitoria.com.br/apirest.php/User/5828 | Resposta: [\"ERROR_RIGHT_MISSING\",\"Você não tem permissão para executar essa ação.\"]"}
{"timestamp_start":"2025-08-24T20:57:09.985049+00:00","timestamp_end":"2025-08-24T20:57:10.028948+00:00","duration_ms":43.927,"func":"get_item","module":"glpi_client","request_id":null,"ok":false,"error":"RuntimeError:HTTPError 403 em https://agilize.unimedvitoria.com.br/apirest.php/User/5828 | Resposta: [\"ERROR_RIGHT_MISSING\",\"Você não tem permissão para executar essa ação.\"]"}
{"timestamp_start":"2025-08-24T20:57:10.032819+00:00","timestamp_end":"2025-08-24T20:57:10.073102+00:00","duration_ms":40.288,"func":"_get","module":"glpi_client","request_id":null,"ok":false,"error":"RuntimeError:HTTPError 403 em https://agilize.unimedvitoria.com.br/apirest.php/User/5402 | Resposta: [\"ERROR_RIGHT_MISSING\",\"Você não tem permissão para executar essa ação.\"]"}
{"timestamp_start":"2025-08-24T20:57:10.032809+00:00","timestamp_end":"2025-08-24T20:57:10.077060+00:00","duration_ms":44.259,"func":"get_item","module":"glpi_client","request_id":null,"ok":false,"error":"RuntimeError:HTTPError 403 em https://agilize.unimedvitoria.com.br/apirest.php/User/5402 | Resposta: [\"ERROR_RIGHT_MISSING\",\"Você não tem permissão para executar essa ação.\"]"}
{"timestamp_start":"2025-08-24T20:57:10.080675+00:00","timestamp_end":"2025-08-24T20:57:10.118553+00:00","duration_ms":37.882,"func":"_get","module":"glpi_client","request_id":null,"ok":true}
{"timestamp_start":"2025-08-24T20:57:10.080667+00:00","timestamp_end":"2025-08-24T20:57:10.121622+00:00","duration_ms":40.962,"func":"get_item","module":"glpi_client","request_id":null,"ok":true}
{"timestamp_start":"2025-08-24T20:57:10.124346+00:00","timestamp_end":"2025-08-24T20:57:10.164012+00:00","duration_ms":39.67,"func":"_get","module":"glpi_client","request_id":null,"ok":true}
{"timestamp_start":"2025-08-24T20:57:10.124339+00:00","timestamp_end":"2025-08-24T20:57:10.170111+00:00","duration_ms":45.78,"func":"get_item","module":"glpi_client","request_id":null,"ok":true}
{"timestamp_start":"2025-08-24T20:57:10.173358+00:00","timestamp_end":"2025-08-24T20:57:10.208889+00:00","duration_ms":35.535,"func":"_get","module":"glpi_client","request_id":null,"ok":false,"error":"RuntimeError:HTTPError 403 em https://agilize.unimedvitoria.com.br/apirest.php/User/5193 | Resposta: [\"ERROR_RIGHT_MISSING\",\"Você não tem permissão para executar essa ação.\"]"}
{"timestamp_start":"2025-08-24T20:57:10.173348+00:00","timestamp_end":"2025-08-24T20:57:10.212526+00:00","duration_ms":39.185,"func":"get_item","module":"glpi_client","request_id":null,"ok":false,"error":"RuntimeError:HTTPError 403 em https://agilize.unimedvitoria.com.br/apirest.php/User/5193 | Resposta: [\"ERROR_RIGHT_MISSING\",\"Você não tem permissão para executar essa ação.\"]"}
{"timestamp_start":"2025-08-24T20:57:10.214879+00:00","timestamp_end":"2025-08-24T20:57:10.253982+00:00","duration_ms":39.108,"func":"_get","module":"glpi_client","request_id":null,"ok":false,"error":"RuntimeError:HTTPError 403 em https://agilize.unimedvitoria.com.br/apirest.php/User/6334 | Resposta: [\"ERROR_RIGHT_MISSING\",\"Você não tem permissão para executar essa ação.\"]"}
{"timestamp_start":"2025-08-24T20:57:10.214866+00:00","timestamp_end":"2025-08-24T20:57:10.258127+00:00","duration_ms":43.268,"func":"get_item","module":"glpi_client","request_id":null,"ok":false,"error":"RuntimeError:HTTPError 403 em https://agilize.unimedvitoria.com.br/apirest.php/User/6334 | Resposta: [\"ERROR_RIGHT_MISSING\",\"Você não tem permissão para executar essa ação.\"]"}
{"timestamp_start":"2025-08-24T20:57:10.262908+00:00","timestamp_end":"2025-08-24T20:57:10.301828+00:00","duration_ms":38.924,"func":"_get","module":"glpi_client","request_id":null,"ok":false,"error":"RuntimeError:HTTPError 403 em https://agilize.unimedvitoria.com.br/apirest.php/ITILCategory/153 | Resposta: [\"ERROR_RIGHT_MISSING\",\"Você não tem permissão para executar essa ação.\"]"}
{"timestamp_start":"2025-08-24T20:57:10.262897+00:00","timestamp_end":"2025-08-24T20:57:10.305266+00:00","duration_ms":42.381,"func":"get_item","module":"glpi_client","request_id":null,"ok":false,"error":"RuntimeError:HTTPError 403 em https://agilize.unimedvitoria.com.br/apirest.php/ITILCategory/153 | Resposta: [\"ERROR_RIGHT_MISSING\",\"Você não tem permissão para executar essa ação.\"]"}
{"timestamp_start":"2025-08-24T20:57:10.308880+00:00","timestamp_end":"2025-08-24T20:57:10.347656+00:00","duration_ms":38.781,"func":"_get","module":"glpi_client","request_id":null,"ok":true}
{"timestamp_start":"2025-08-24T20:57:10.308874+00:00","timestamp_end":"2025-08-24T20:57:10.353573+00:00","duration_ms":44.708,"func":"get_item","module":"glpi_client","request_id":null,"ok":true}
{"timestamp_start":"2025-08-24T20:57:10.357079+00:00","timestamp_end":"2025-08-24T20:57:10.394559+00:00","duration_ms":37.484,"func":"_get","module":"glpi_client","request_id":null,"ok":false,"error":"RuntimeError:HTTPError 403 em https://agilize.unimedvitoria.com.br/apirest.php/ITILCategory/154 | Resposta: [\"ERROR_RIGHT_MISSING\",\"Você não tem permissão para executar essa ação.\"]"}
{"timestamp_start":"2025-08-24T20:57:10.357070+00:00","timestamp_end":"2025-08-24T20:57:10.400571+00:00","duration_ms":43.509,"func":"get_item","module":"glpi_client","request_id":null,"ok":false,"error":"RuntimeError:HTTPError 403 em https://agilize.unimedvitoria.com.br/apirest.php/ITILCategory/154 | Resposta: [\"ERROR_RIGHT_MISSING\",\"Você não tem permissão para executar essa ação.\"]"}
{"timestamp_start":"2025-08-24T20:57:10.405777+00:00","timestamp_end":"2025-08-24T20:57:10.444341+00:00","duration_ms":38.569,"func":"_get","module":"glpi_client","request_id":null,"ok":true}
{"timestamp_start":"2025-08-24T20:57:10.405767+00:00","timestamp_end":"2025-08-24T20:57:10.452883+00:00","duration_ms":47.126,"func":"kill_session","module":"glpi_client","request_id":null,"ok":true}
{"timestamp_start":"2025-08-24T21:24:35.615716+00:00","timestamp_end":"2025-08-24T21:24:35.664327+00:00","duration_ms":48.617,"func":"_get","module":"glpi_client","request_id":null,"ok":true}
{"timestamp_start":"2025-08-24T21:24:35.332268+00:00","timestamp_end":"2025-08-24T21:24:35.668805+00:00","duration_ms":336.544,"func":"init_session","module":"glpi_client","request_id":null,"ok":true}
{"timestamp_start":"2025-08-24T21:24:35.672489+00:00","timestamp_end":"2025-08-24T21:24:35.757991+00:00","duration_ms":85.507,"func":"_get","module":"glpi_client","request_id":null,"ok":true}
{"timestamp_start":"2025-08-24T21:24:35.672486+00:00","timestamp_end":"2025-08-24T21:24:35.761269+00:00","duration_ms":88.787,"func":"list_search_options","module":"glpi_client","request_id":null,"ok":true}
{"timestamp_start":"2025-08-24T21:24:35.764825+00:00","timestamp_end":"2025-08-24T21:24:35.807761+00:00","duration_ms":42.943,"func":"try_get_group_name","module":"glpi_client","request_id":null,"ok":true}
{"timestamp_start":"2025-08-24T21:24:35.810600+00:00","timestamp_end":"2025-08-24T21:24:36.021710+00:00","duration_ms":211.114,"func":"_get","module":"glpi_client","request_id":null,"ok":true}
{"timestamp_start":"2025-08-24T21:24:35.810593+00:00","timestamp_end":"2025-08-24T21:24:36.024787+00:00","duration_ms":214.198,"func":"raw_search","module":"glpi_client","request_id":null,"ok":true}
{"timestamp_start":"2025-08-24T21:24:35.672475+00:00","timestamp_end":"2025-08-24T21:24:36.033011+00:00","duration_ms":360.542,"func":"bulk_search_observer_tickets","module":"data_access","request_id":null,"ok":true}
{"timestamp_start":"2025-08-24T21:24:36.035484+00:00","timestamp_end":"2025-08-24T21:24:36.037846+00:00","duration_ms":2.365,"func":"normalize_ticket_df","module":"metrics","request_id":null,"ok":true}
{"timestamp_start":"2025-08-24T21:24:36.040722+00:00","timestamp_end":"2025-08-24T21:24:36.083286+00:00","duration_ms":42.568,"func":"_get","module":"glpi_client","request_id":null,"ok":true}
{"timestamp_start":"2025-08-24T21:24:36.040716+00:00","timestamp_end":"2025-08-24T21:24:36.086879+00:00","duration_ms":46.167,"func":"kill_session","module":"glpi_client","request_id":null,"ok":true}
{"timestamp_start":"2025-08-24T21:24:36.316053+00:00","timestamp_end":"2025-08-24T21:24:36.374861+00:00","duration_ms":58.815,"func":"_get","module":"glpi_client","request_id":null,"ok":true}
{"timestamp_start":"2025-08-24T21:24:36.093139+00:00","timestamp_end":"2025-08-24T21:24:36.381963+00:00","duration_ms":288.83,"func":"init_session","module":"glpi_client","request_id":null,"ok":true}
{"timestamp_start":"2025-08-24T21:24:36.386374+00:00","timestamp_end":"2025-08-24T21:24:36.443332+00:00","duration_ms":56.963,"func":"_get","module":"glpi_client","request_id":null,"ok":true}
{"timestamp_start":"2025-08-24T21:24:36.386367+00:00","timestamp_end":"2025-08-24T21:24:36.450060+00:00","duration_ms":63.699,"func":"get_item","module":"glpi_client","request_id":null,"ok":true}
{"timestamp_start":"2025-08-24T21:24:36.459824+00:00","timestamp_end":"2025-08-24T21:24:36.504177+00:00","duration_ms":44.357,"func":"_get","module":"glpi_client","request_id":null,"ok":false,"error":"RuntimeError:HTTPError 403 em https://agilize.unimedvitoria.com.br/apirest.php/User/2822 | Resposta: [\"ERROR_RIGHT_MISSING\",\"Você não tem permissão para executar essa ação.\"]"}
{"timestamp_start":"2025-08-24T21:24:36.459812+00:00","timestamp_end":"2025-08-24T21:24:36.510736+00:00","duration_ms":50.93,"func":"get_item","module":"glpi_client","request_id":null,"ok":false,"error":"RuntimeError:HTTPError 403 em https://agilize.unimedvitoria.com.br/apirest.php/User/2822 | Resposta: [\"ERROR_RIGHT_MISSING\",\"Você não tem permissão para executar essa ação.\"]"}
{"timestamp_start":"2025-08-24T21:24:36.514905+00:00","timestamp_end":"2025-08-24T21:24:36.553579+00:00","duration_ms":38.678,"func":"_get","module":"glpi_client","request_id":null,"ok":false,"error":"RuntimeError:HTTPError 403 em https://agilize.unimedvitoria.com.br/apirest.php/User/4094 | Resposta: [\"ERROR_RIGHT_MISSING\",\"Você não tem permissão para executar essa ação.\"]"}
{"timestamp_start":"2025-08-24T21:24:36.514896+00:00","timestamp_end":"2025-08-24T21:24:36.561915+00:00","duration_ms":47.034,"func":"get_item","module":"glpi_client","request_id":null,"ok":false,"error":"RuntimeError:HTTPError 403 em https://agilize.unimedvitoria.com.br/apirest.php/User/4094 | Resposta: [\"ERROR_RIGHT_MISSING\",\"Você não tem permissão para executar essa ação.\"]"}
{"timestamp_start":"2025-08-24T21:24:36.565470+00:00","timestamp_end":"2025-08-24T21:24:36.611530+00:00","duration_ms":46.064,"func":"_get","module":"glpi_client","request_id":null,"ok":false,"error":"RuntimeError:HTTPError 403 em https://agilize.unimedvitoria.com.br/apirest.php/ITILCategory/113 | Resposta: [\"ERROR_RIGHT_MISSING\",\"Você não tem permissão para executar essa ação.\"]"}
{"timestamp_start":"2025-08-24T21:24:36.565458+00:00","timestamp_end":"2025-08-24T21:24:36.616583+00:00","duration_ms":51.134,"func":"get_item","module":"glpi_client","request_id":null,"ok":false,"error":"RuntimeError:HTTPError 403 em https://agilize.unimedvitoria.com.br/apirest.php/ITILCategory/113 | Resposta: [\"ERROR_RIGHT_MISSING\",\"Você não tem permissão para executar essa ação.\"]"}
{"timestamp_start":"2025-08-24T21:24:36.620646+00:00","timestamp_end":"2025-08-24T21:24:36.674268+00:00","duration_ms":53.627,"func":"_get","module":"glpi_client","request_id":null,"ok":true}
{"timestamp_start":"2025-08-24T21:24:36.620641+00:00","timestamp_end":"2025-08-24T21:24:36.679854+00:00","duration_ms":59.225,"func":"get_item","module":"glpi_client","request_id":null,"ok":true}
{"timestamp_start":"2025-08-24T21:24:36.685005+00:00","timestamp_end":"2025-08-24T21:24:36.725544+00:00","duration_ms":40.543,"func":"_get","module":"glpi_client","request_id":null,"ok":false,"error":"RuntimeError:HTTPError 403 em https://agilize.unimedvitoria.com.br/apirest.php/User/5828 | Resposta: [\"ERROR_RIGHT_MISSING\",\"Você não tem permissão para executar essa ação.\"]"}
{"timestamp_start":"2025-08-24T21:24:36.684996+00:00","timestamp_end":"2025-08-24T21:24:36.732939+00:00","duration_ms":47.952,"func":"get_item","module":"glpi_client","request_id":null,"ok":false,"error":"RuntimeError:HTTPError 403 em https://agilize.unimedvitoria.com.br/apirest.php/User/5828 | Resposta: [\"ERROR_RIGHT_MISSING\",\"Você não tem permissão para executar essa ação.\"]"}
{"timestamp_start":"2025-08-24T21:24:36.738477+00:00","timestamp_end":"2025-08-24T21:24:36.780970+00:00","duration_ms":42.498,"func":"_get","module":"glpi_client","request_id":null,"ok":false,"error":"RuntimeError:HTTPError 403 em https://agilize.unimedvitoria.com.br/apirest.php/User/5402 | Resposta: [\"ERROR_RIGHT_MISSING\",\"Você não tem permissão para executar essa ação.\"]"}
{"timestamp_start":"2025-08-24T21:24:36.738469+00:00","timestamp_end":"2025-08-24T21:24:36.787158+00:00","duration_ms":48.694,"func":"get_item","module":"glpi_client","request_id":null,"ok":false,"error":"RuntimeError:HTTPError 403 em https://agilize.unimedvitoria.com.br/apirest.php/User/5402 | Resposta: [\"ERROR_RIGHT_MISSING\",\"Você não tem permissão para executar essa ação.\"]"}
{"timestamp_start":"2025-08-24T21:24:36.792785+00:00","timestamp_end":"2025-08-24T21:24:36.841643+00:00","duration_ms":48.862,"func":"_get","module":"glpi_client","request_id":null,"ok":false,"error":"RuntimeError:HTTPError 403 em https://agilize.unimedvitoria.com.br/apirest.php/ITILCategory/92 | Resposta: [\"ERROR_RIGHT_MISSING\",\"Você não tem permissão para executar essa ação.\"]"}
{"timestamp_start":"2025-08-24T21:24:36.792775+00:00","timestamp_end":"2025-08-24T21:24:36.847647+00:00","duration_ms":54.883,"func":"get_item","module":"glpi_client","request_id":null,"ok":false,"error":"RuntimeError:HTTPError 403 em https://agilize.unimedvitoria.com.br/apirest.php/ITILCategory/92 | Resposta: [\"ERROR_RIGHT_MISSING\",\"Você não tem permissão para executar essa ação.\"]"}
{"timestamp_start":"2025-08-24T21:24:36.852995+00:00","timestamp_end":"2025-08-24T21:24:36.899620+00:00","duration_ms":46.629,"func":"_get","module":"glpi_client","request_id":null,"ok":true}
{"timestamp_start":"2025-08-24T21:24:36.852987+00:00","timestamp_end":"2025-08-24T21:24:36.905732+00:00","duration_ms":52.752,"func":"kill_session","module":"glpi_client","request_id":null,"ok":true}
{"timestamp_start":"2025-08-24T21:24:41.624971+00:00","timestamp_end":"2025-08-24T21:24:41.668007+00:00","duration_ms":43.042,"func":"_get","module":"glpi_client","request_id":null,"ok":true}
{"timestamp_start":"2025-08-24T21:24:41.379719+00:00","timestamp_end":"2025-08-24T21:24:41.671671+00:00","duration_ms":291.956,"func":"init_session","module":"glpi_client","request_id":null,"ok":true}
{"timestamp_start":"2025-08-24T21:24:41.674631+00:00","timestamp_end":"2025-08-24T21:24:41.736706+00:00","duration_ms":62.082,"func":"_get","module":"glpi_client","request_id":null,"ok":true}
{"timestamp_start":"2025-08-24T21:24:41.674628+00:00","timestamp_end":"2025-08-24T21:24:41.739867+00:00","duration_ms":65.25,"func":"list_search_options","module":"glpi_client","request_id":null,"ok":true}
{"timestamp_start":"2025-08-24T21:24:41.743637+00:00","timestamp_end":"2025-08-24T21:24:41.785971+00:00","duration_ms":42.339,"func":"try_get_group_name","module":"glpi_client","request_id":null,"ok":true}
{"timestamp_start":"2025-08-24T21:24:41.789562+00:00","timestamp_end":"2025-08-24T21:24:41.963413+00:00","duration_ms":173.856,"func":"_get","module":"glpi_client","request_id":null,"ok":true}
{"timestamp_start":"2025-08-24T21:24:41.789554+00:00","timestamp_end":"2025-08-24T21:24:41.966240+00:00","duration_ms":176.691,"func":"raw_search","module":"glpi_client","request_id":null,"ok":true}
{"timestamp_start":"2025-08-24T21:24:41.674619+00:00","timestamp_end":"2025-08-24T21:24:41.972661+00:00","duration_ms":298.046,"func":"bulk_search_observer_tickets","module":"data_access","request_id":null,"ok":true}
{"timestamp_start":"2025-08-24T21:24:41.976184+00:00","timestamp_end":"2025-08-24T21:24:41.978869+00:00","duration_ms":2.69,"func":"normalize_ticket_df","module":"metrics","request_id":null,"ok":true}
{"timestamp_start":"2025-08-24T21:24:41.982436+00:00","timestamp_end":"2025-08-24T21:24:42.024741+00:00","duration_ms":42.311,"func":"_get","module":"glpi_client","request_id":null,"ok":true}
{"timestamp_start":"2025-08-24T21:24:41.982422+00:00","timestamp_end":"2025-08-24T21:24:42.027617+00:00","duration_ms":45.203,"func":"kill_session","module":"glpi_client","request_id":null,"ok":true}
{"timestamp_start":"2025-08-24T21:24:42.259178+00:00","timestamp_end":"2025-08-24T21:24:42.305345+00:00","duration_ms":46.173,"func":"_get","module":"glpi_client","request_id":null,"ok":true}
{"timestamp_start":"2025-08-24T21:24:42.033515+00:00","timestamp_end":"2025-08-24T21:24:42.309868+00:00","duration_ms":276.359,"func":"init_session","module":"glpi_client","request_id":null,"ok":true}
{"timestamp_start":"2025-08-24T21:24:42.314420+00:00","timestamp_end":"2025-08-24T21:24:42.356033+00:00","duration_ms":41.616,"func":"_get","module":"glpi_client","request_id":null,"ok":true}
{"timestamp_start":"2025-08-24T21:24:42.314413+00:00","timestamp_end":"2025-08-24T21:24:42.358767+00:00","duration_ms":44.359,"func":"get_item","module":"glpi_client","request_id":null,"ok":true}
{"timestamp_start":"2025-08-24T21:24:42.361333+00:00","timestamp_end":"2025-08-24T21:24:42.406372+00:00","duration_ms":45.043,"func":"_get","module":"glpi_client","request_id":null,"ok":false,"error":"RuntimeError:HTTPError 403 em https://agilize.unimedvitoria.com.br/apirest.php/User/2822 | Resposta: [\"ERROR_RIGHT_MISSING\",\"Você não tem permissão para executar essa ação.\"]"}
{"timestamp_start":"2025-08-24T21:24:42.361318+00:00","timestamp_end":"2025-08-24T21:24:42.410021+00:00","duration_ms":48.714,"func":"get_item","module":"glpi_client","request_id":null,"ok":false,"error":"RuntimeError:HTTPError 403 em https://agilize.unimedvitoria.com.br/apirest.php/User/2822 | Resposta: [\"ERROR_RIGHT_MISSING\",\"Você não tem permissão para executar essa ação.\"]"}
{"timestamp_start":"2025-08-24T21:24:42.413493+00:00","timestamp_end":"2025-08-24T21:24:42.457017+00:00","duration_ms":43.529,"func":"_get","module":"glpi_client","request_id":null,"ok":false,"error":"RuntimeError:HTTPError 403 em https://agilize.unimedvitoria.com.br/apirest.php/User/4094 | Resposta: [\"ERROR_RIGHT_MISSING\",\"Você não tem permissão para executar essa ação.\"]"}
{"timestamp_start":"2025-08-24T21:24:42.413482+00:00","timestamp_end":"2025-08-24T21:24:42.460335+00:00","duration_ms":46.859,"func":"get_item","module":"glpi_client","request_id":null,"ok":false,"error":"RuntimeError:HTTPError 403 em https://agilize.unimedvitoria.com.br/apirest.php/User/4094 | Resposta: [\"ERROR_RIGHT_MISSING\",\"Você não tem permissão para executar essa ação.\"]"}
{"timestamp_start":"2025-08-24T21:24:42.464051+00:00","timestamp_end":"2025-08-24T21:24:42.510482+00:00","duration_ms":46.436,"func":"_get","module":"glpi_client","request_id":null,"ok":false,"error":"RuntimeError:HTTPError 403 em https://agilize.unimedvitoria.com.br/apirest.php/ITILCategory/113 | Resposta: [\"ERROR_RIGHT_MISSING\",\"Você não tem permissão para executar essa ação.\"]"}
{"timestamp_start":"2025-08-24T21:24:42.464039+00:00","timestamp_end":"2025-08-24T21:24:42.514344+00:00","duration_ms":50.314,"func":"get_item","module":"glpi_client","request_id":null,"ok":false,"error":"RuntimeError:HTTPError 403 em https://agilize.unimedvitoria.com.br/apirest.php/ITILCategory/113 | Resposta: [\"ERROR_RIGHT_MISSING\",\"Você não tem permissão para executar essa ação.\"]"}
{"timestamp_start":"2025-08-24T21:24:42.517979+00:00","timestamp_end":"2025-08-24T21:24:42.561718+00:00","duration_ms":43.744,"func":"_get","module":"glpi_client","request_id":null,"ok":true}
{"timestamp_start":"2025-08-24T21:24:42.517971+00:00","timestamp_end":"2025-08-24T21:24:42.565624+00:00","duration_ms":47.66,"func":"get_item","module":"glpi_client","request_id":null,"ok":true}
{"timestamp_start":"2025-08-24T21:24:42.568861+00:00","timestamp_end":"2025-08-24T21:24:42.614065+00:00","duration_ms":45.207,"func":"_get","module":"glpi_client","request_id":null,"ok":false,"error":"RuntimeError:HTTPError 403 em https://agilize.unimedvitoria.com.br/apirest.php/User/5828 | Resposta: [\"ERROR_RIGHT_MISSING\",\"Você não tem permissão para executar essa ação.\"]"}
{"timestamp_start":"2025-08-24T21:24:42.568852+00:00","timestamp_end":"2025-08-24T21:24:42.618961+00:00","duration_ms":50.118,"func":"get_item","module":"glpi_client","request_id":null,"ok":false,"error":"RuntimeError:HTTPError 403 em https://agilize.unimedvitoria.com.br/apirest.php/User/5828 | Resposta: [\"ERROR_RIGHT_MISSING\",\"Você não tem permissão para executar essa ação.\"]"}
{"timestamp_start":"2025-08-24T21:24:42.622464+00:00","timestamp_end":"2025-08-24T21:24:42.665009+00:00","duration_ms":42.549,"func":"_get","module":"glpi_client","request_id":null,"ok":false,"error":"RuntimeError:HTTPError 403 em https://agilize.unimedvitoria.com.br/apirest.php/User/5402 | Resposta: [\"ERROR_RIGHT_MISSING\",\"Você não tem permissão para executar essa ação.\"]"}
{"timestamp_start":"2025-08-24T21:24:42.622453+00:00","timestamp_end":"2025-08-24T21:24:42.667675+00:00","duration_ms":45.23,"func":"get_item","module":"glpi_client","request_id":null,"ok":false,"error":"RuntimeError:HTTPError 403 em https://agilize.unimedvitoria.com.br/apirest.php/User/5402 | Resposta: [\"ERROR_RIGHT_MISSING\",\"Você não tem permissão para executar essa ação.\"]"}
{"timestamp_start":"2025-08-24T21:24:42.671571+00:00","timestamp_end":"2025-08-24T21:24:42.710323+00:00","duration_ms":38.758,"func":"_get","module":"glpi_client","request_id":null,"ok":false,"error":"RuntimeError:HTTPError 403 em https://agilize.unimedvitoria.com.br/apirest.php/ITILCategory/92 | Resposta: [\"ERROR_RIGHT_MISSING\",\"Você não tem permissão para executar essa ação.\"]"}
{"timestamp_start":"2025-08-24T21:24:42.671560+00:00","timestamp_end":"2025-08-24T21:24:42.713735+00:00","duration_ms":42.188,"func":"get_item","module":"glpi_client","request_id":null,"ok":false,"error":"RuntimeError:HTTPError 403 em https://agilize.unimedvitoria.com.br/apirest.php/ITILCategory/92 | Resposta: [\"ERROR_RIGHT_MISSING\",\"Você não tem permissão para executar essa ação.\"]"}
{"timestamp_start":"2025-08-24T21:24:42.719244+00:00","timestamp_end":"2025-08-24T21:24:42.761015+00:00","duration_ms":41.775,"func":"_get","module":"glpi_client","request_id":null,"ok":true}
{"timestamp_start":"2025-08-24T21:24:42.719231+00:00","timestamp_end":"2025-08-24T21:24:42.764878+00:00","duration_ms":45.658,"func":"kill_session","module":"glpi_client","request_id":null,"ok":true}
{"timestamp_start":"2025-08-24T21:24:52.443845+00:00","timestamp_end":"2025-08-24T21:24:52.491129+00:00","duration_ms":47.29,"func":"_get","module":"glpi_client","request_id":null,"ok":true}
{"timestamp_start":"2025-08-24T21:24:52.199990+00:00","timestamp_end":"2025-08-24T21:24:52.494323+00:00","duration_ms":294.337,"func":"init_session","module":"glpi_client","request_id":null,"ok":true}
{"timestamp_start":"2025-08-24T21:24:52.497635+00:00","timestamp_end":"2025-08-24T21:24:52.587996+00:00","duration_ms":90.368,"func":"_get","module":"glpi_client","request_id":null,"ok":true}
{"timestamp_start":"2025-08-24T21:24:52.497630+00:00","timestamp_end":"2025-08-24T21:24:52.591131+00:00","duration_ms":93.506,"func":"list_search_options","module":"glpi_client","request_id":null,"ok":true}
{"timestamp_start":"2025-08-24T21:24:52.593753+00:00","timestamp_end":"2025-08-24T21:24:52.642661+00:00","duration_ms":48.915,"func":"try_get_group_name","module":"glpi_client","request_id":null,"ok":true}
{"timestamp_start":"2025-08-24T21:24:52.645834+00:00","timestamp_end":"2025-08-24T21:24:52.863756+00:00","duration_ms":217.929,"func":"_get","module":"glpi_client","request_id":null,"ok":true}
{"timestamp_start":"2025-08-24T21:24:52.645814+00:00","timestamp_end":"2025-08-24T21:24:52.866542+00:00","duration_ms":220.739,"func":"raw_search","module":"glpi_client","request_id":null,"ok":true}
{"timestamp_start":"2025-08-24T21:24:52.497614+00:00","timestamp_end":"2025-08-24T21:24:52.872614+00:00","duration_ms":375.008,"func":"bulk_search_observer_tickets","module":"data_access","request_id":null,"ok":true}
{"timestamp_start":"2025-08-24T21:24:52.875914+00:00","timestamp_end":"2025-08-24T21:24:52.879178+00:00","duration_ms":3.275,"func":"normalize_ticket_df","module":"metrics","request_id":null,"ok":true}
{"timestamp_start":"2025-08-24T21:24:52.882426+00:00","timestamp_end":"2025-08-24T21:24:52.925631+00:00","duration_ms":43.209,"func":"_get","module":"glpi_client","request_id":null,"ok":true}
{"timestamp_start":"2025-08-24T21:24:52.882416+00:00","timestamp_end":"2025-08-24T21:24:52.928878+00:00","duration_ms":46.478,"func":"kill_session","module":"glpi_client","request_id":null,"ok":true}
{"timestamp_start":"2025-08-24T21:24:52.932532+00:00","timestamp_end":"2025-08-24T21:24:52.937296+00:00","duration_ms":4.77,"func":"created_resolved","module":"metrics","request_id":null,"ok":true}
{"timestamp_start":"2025-08-24T21:24:52.941333+00:00","timestamp_end":"2025-08-24T21:24:52.942552+00:00","duration_ms":1.224,"func":"backlog_trend_series","module":"metrics","request_id":null,"ok":true}
{"timestamp_start":"2025-08-24T21:24:52.946248+00:00","timestamp_end":"2025-08-24T21:24:52.947803+00:00","duration_ms":1.564,"func":"backlog_status","module":"metrics","request_id":null,"ok":true}
{"timestamp_start":"2025-08-24T21:24:52.950600+00:00","timestamp_end":"2025-08-24T21:24:52.953680+00:00","duration_ms":3.084,"func":"sla_solution","module":"metrics","request_id":null,"ok":true}
{"timestamp_start":"2025-08-24T21:24:52.956507+00:00","timestamp_end":"2025-08-24T21:24:52.959265+00:00","duration_ms":2.762,"func":"aging_buckets","module":"metrics","request_id":null,"ok":true}
{"timestamp_start":"2025-08-24T21:24:52.962603+00:00","timestamp_end":"2025-08-24T21:24:52.964622+00:00","duration_ms":2.028,"func":"composition","module":"metrics","request_id":null,"ok":true}
{"timestamp_start":"2025-08-24T21:24:52.969509+00:00","timestamp_end":"2025-08-24T21:24:52.970188+00:00","duration_ms":0.683,"func":"load_by_assignee","module":"metrics","request_id":null,"ok":true}
{"timestamp_start":"2025-08-24T21:24:52.977352+00:00","timestamp_end":"2025-08-24T21:24:52.977411+00:00","duration_ms":0.061,"func":"business_hours_between","module":"metrics","request_id":null,"ok":true}
{"timestamp_start":"2025-08-24T21:24:52.983227+00:00","timestamp_end":"2025-08-24T21:24:52.983327+00:00","duration_ms":0.103,"func":"business_hours_between","module":"metrics","request_id":null,"ok":true}
{"timestamp_start":"2025-08-24T21:24:52.986817+00:00","timestamp_end":"2025-08-24T21:24:52.986879+00:00","duration_ms":0.064,"func":"business_hours_between","module":"metrics","request_id":null,"ok":true}
{"timestamp_start":"2025-08-24T21:24:52.990168+00:00","timestamp_end":"2025-08-24T21:24:52.990229+00:00","duration_ms":0.062,"func":"business_hours_between","module":"metrics","request_id":null,"ok":true}
{"timestamp_start":"2025-08-24T21:24:52.992988+00:00","timestamp_end":"2025-08-24T21:24:52.993046+00:00","duration_ms":0.06,"func":"business_hours_between","module":"metrics","request_id":null,"ok":true}
{"timestamp_start":"2025-08-24T21:24:52.996362+00:00","timestamp_end":"2025-08-24T21:24:52.996564+00:00","duration_ms":0.209,"func":"business_hours_between","module":"metrics","request_id":null,"ok":true}
{"timestamp_start":"2025-08-24T21:24:52.999589+00:00","timestamp_end":"2025-08-24T21:24:52.999724+00:00","duration_ms":0.139,"func":"business_hours_between","module":"metrics","request_id":null,"ok":true}
{"timestamp_start":"2025-08-24T21:24:53.003360+00:00","timestamp_end":"2025-08-24T21:24:53.003594+00:00","duration_ms":0.239,"func":"business_hours_between","module":"metrics","request_id":null,"ok":true}
{"timestamp_start":"2025-08-24T21:24:53.006194+00:00","timestamp_end":"2025-08-24T21:24:53.006319+00:00","duration_ms":0.128,"func":"business_hours_between","module":"metrics","request_id":null,"ok":true}
{"timestamp_start":"2025-08-24T21:24:53.009334+00:00","timestamp_end":"2025-08-24T21:24:53.009407+00:00","duration_ms":0.074,"func":"business_hours_between","module":"metrics","request_id":null,"ok":true}
{"timestamp_start":"2025-08-24T21:24:53.013206+00:00","timestamp_end":"2025-08-24T21:24:53.013387+00:00","duration_ms":0.187,"func":"business_hours_between","module":"metrics","request_id":null,"ok":true}
{"timestamp_start":"2025-08-24T21:24:53.016300+00:00","timestamp_end":"2025-08-24T21:24:53.016379+00:00","duration_ms":0.081,"func":"business_hours_between","module":"metrics","request_id":null,"ok":true}
{"timestamp_start":"2025-08-24T21:24:53.019274+00:00","timestamp_end":"2025-08-24T21:24:53.019373+00:00","duration_ms":0.101,"func":"business_hours_between","module":"metrics","request_id":null,"ok":true}
{"timestamp_start":"2025-08-24T21:24:53.022416+00:00","timestamp_end":"2025-08-24T21:24:53.022493+00:00","duration_ms":0.079,"func":"business_hours_between","module":"metrics","request_id":null,"ok":true}
{"timestamp_start":"2025-08-24T21:24:53.025062+00:00","timestamp_end":"2025-08-24T21:24:53.025150+00:00","duration_ms":0.089,"func":"business_hours_between","module":"metrics","request_id":null,"ok":true}
{"timestamp_start":"2025-08-24T21:24:53.027934+00:00","timestamp_end":"2025-08-24T21:24:53.028024+00:00","duration_ms":0.091,"func":"business_hours_between","module":"metrics","request_id":null,"ok":true}
{"timestamp_start":"2025-08-24T21:24:53.031262+00:00","timestamp_end":"2025-08-24T21:24:53.031368+00:00","duration_ms":0.109,"func":"business_hours_between","module":"metrics","request_id":null,"ok":true}
{"timestamp_start":"2025-08-24T21:24:53.034172+00:00","timestamp_end":"2025-08-24T21:24:53.034298+00:00","duration_ms":0.128,"func":"business_hours_between","module":"metrics","request_id":null,"ok":true}
{"timestamp_start":"2025-08-24T21:24:53.036826+00:00","timestamp_end":"2025-08-24T21:24:53.037025+00:00","duration_ms":0.201,"func":"business_hours_between","module":"metrics","request_id":null,"ok":true}
{"timestamp_start":"2025-08-24T21:24:53.039679+00:00","timestamp_end":"2025-08-24T21:24:53.039761+00:00","duration_ms":0.083,"func":"business_hours_between","module":"metrics","request_id":null,"ok":true}
{"timestamp_start":"2025-08-24T21:24:53.042546+00:00","timestamp_end":"2025-08-24T21:24:53.042630+00:00","duration_ms":0.085,"func":"business_hours_between","module":"metrics","request_id":null,"ok":true}
{"timestamp_start":"2025-08-24T21:24:53.044767+00:00","timestamp_end":"2025-08-24T21:24:53.045065+00:00","duration_ms":0.302,"func":"business_hours_between","module":"metrics","request_id":null,"ok":true}
{"timestamp_start":"2025-08-24T21:24:53.048826+00:00","timestamp_end":"2025-08-24T21:24:53.048928+00:00","duration_ms":0.105,"func":"business_hours_between","module":"metrics","request_id":null,"ok":true}
{"timestamp_start":"2025-08-24T21:24:53.051455+00:00","timestamp_end":"2025-08-24T21:24:53.051540+00:00","duration_ms":0.087,"func":"business_hours_between","module":"metrics","request_id":null,"ok":true}
{"timestamp_start":"2025-08-24T21:24:53.054891+00:00","timestamp_end":"2025-08-24T21:24:53.054990+00:00","duration_ms":0.101,"func":"business_hours_between","module":"metrics","request_id":null,"ok":true}
{"timestamp_start":"2025-08-24T21:24:53.057418+00:00","timestamp_end":"2025-08-24T21:24:53.057496+00:00","duration_ms":0.08,"func":"business_hours_between","module":"metrics","request_id":null,"ok":true}
{"timestamp_start":"2025-08-24T21:24:53.060522+00:00","timestamp_end":"2025-08-24T21:24:53.060584+00:00","duration_ms":0.063,"func":"business_hours_between","module":"metrics","request_id":null,"ok":true}
{"timestamp_start":"2025-08-24T21:24:53.064024+00:00","timestamp_end":"2025-08-24T21:24:53.064116+00:00","duration_ms":0.096,"func":"business_hours_between","module":"metrics","request_id":null,"ok":true}
{"timestamp_start":"2025-08-24T21:24:53.066858+00:00","timestamp_end":"2025-08-24T21:24:53.066934+00:00","duration_ms":0.078,"func":"business_hours_between","module":"metrics","request_id":null,"ok":true}
{"timestamp_start":"2025-08-24T21:24:53.069780+00:00","timestamp_end":"2025-08-24T21:24:53.069854+00:00","duration_ms":0.075,"func":"business_hours_between","module":"metrics","request_id":null,"ok":true}
{"timestamp_start":"2025-08-24T21:24:53.071835+00:00","timestamp_end":"2025-08-24T21:24:53.071935+00:00","duration_ms":0.103,"func":"business_hours_between","module":"metrics","request_id":null,"ok":true}
{"timestamp_start":"2025-08-24T21:24:53.074169+00:00","timestamp_end":"2025-08-24T21:24:53.074224+00:00","duration_ms":0.056,"func":"business_hours_between","module":"metrics","request_id":null,"ok":true}
{"timestamp_start":"2025-08-24T21:24:53.076784+00:00","timestamp_end":"2025-08-24T21:24:53.076849+00:00","duration_ms":0.067,"func":"business_hours_between","module":"metrics","request_id":null,"ok":true}
{"timestamp_start":"2025-08-24T21:24:53.080340+00:00","timestamp_end":"2025-08-24T21:24:53.080457+00:00","duration_ms":0.119,"func":"business_hours_between","module":"metrics","request_id":null,"ok":true}
{"timestamp_start":"2025-08-24T21:24:53.083804+00:00","timestamp_end":"2025-08-24T21:24:53.083907+00:00","duration_ms":0.105,"func":"business_hours_between","module":"metrics","request_id":null,"ok":true}
{"timestamp_start":"2025-08-24T21:24:53.086140+00:00","timestamp_end":"2025-08-24T21:24:53.086281+00:00","duration_ms":0.143,"func":"business_hours_between","module":"metrics","request_id":null,"ok":true}
{"timestamp_start":"2025-08-24T21:24:53.089119+00:00","timestamp_end":"2025-08-24T21:24:53.089225+00:00","duration_ms":0.108,"func":"business_hours_between","module":"metrics","request_id":null,"ok":true}
{"timestamp_start":"2025-08-24T21:24:53.091485+00:00","timestamp_end":"2025-08-24T21:24:53.091572+00:00","duration_ms":0.089,"func":"business_hours_between","module":"metrics","request_id":null,"ok":true}
{"timestamp_start":"2025-08-24T21:24:53.094036+00:00","timestamp_end":"2025-08-24T21:24:53.094161+00:00","duration_ms":0.127,"func":"business_hours_between","module":"metrics","request_id":null,"ok":true}
{"timestamp_start":"2025-08-24T21:24:53.098039+00:00","timestamp_end":"2025-08-24T21:24:53.098230+00:00","duration_ms":0.194,"func":"business_hours_between","module":"metrics","request_id":null,"ok":true}
{"timestamp_start":"2025-08-24T21:24:53.100309+00:00","timestamp_end":"2025-08-24T21:24:53.100420+00:00","duration_ms":0.112,"func":"business_hours_between","module":"metrics","request_id":null,"ok":true}
{"timestamp_start":"2025-08-24T21:24:53.103246+00:00","timestamp_end":"2025-08-24T21:24:53.103962+00:00","duration_ms":0.719,"func":"business_hours_between","module":"metrics","request_id":null,"ok":true}
{"timestamp_start":"2025-08-24T21:24:52.976201+00:00","timestamp_end":"2025-08-24T21:24:53.108419+00:00","duration_ms":132.223,"func":"resolution_time_series","module":"metrics","request_id":null,"ok":true}
{"timestamp_start":"2025-08-24T21:24:53.113153+00:00","timestamp_end":"2025-08-24T21:24:53.113247+00:00","duration_ms":0.097,"func":"business_hours_between","module":"metrics","request_id":null,"ok":true}
{"timestamp_start":"2025-08-24T21:24:53.116142+00:00","timestamp_end":"2025-08-24T21:24:53.116235+00:00","duration_ms":0.096,"func":"business_hours_between","module":"metrics","request_id":null,"ok":true}
{"timestamp_start":"2025-08-24T21:24:53.119338+00:00","timestamp_end":"2025-08-24T21:24:53.119396+00:00","duration_ms":0.06,"func":"business_hours_between","module":"metrics","request_id":null,"ok":true}
{"timestamp_start":"2025-08-24T21:24:53.122333+00:00","timestamp_end":"2025-08-24T21:24:53.122389+00:00","duration_ms":0.058,"func":"business_hours_between","module":"metrics","request_id":null,"ok":true}
{"timestamp_start":"2025-08-24T21:24:53.125238+00:00","timestamp_end":"2025-08-24T21:24:53.125315+00:00","duration_ms":0.079,"func":"business_hours_between","module":"metrics","request_id":null,"ok":true}
{"timestamp_start":"2025-08-24T21:24:53.127913+00:00","timestamp_end":"2025-08-24T21:24:53.127972+00:00","duration_ms":0.06,"func":"business_hours_between","module":"metrics","request_id":null,"ok":true}
{"timestamp_start":"2025-08-24T21:24:53.131910+00:00","timestamp_end":"2025-08-24T21:24:53.132045+00:00","duration_ms":0.139,"func":"business_hours_between","module":"metrics","request_id":null,"ok":true}
{"timestamp_start":"2025-08-24T21:24:53.134893+00:00","timestamp_end":"2025-08-24T21:24:53.135083+00:00","duration_ms":0.193,"func":"business_hours_between","module":"metrics","request_id":null,"ok":true}
{"timestamp_start":"2025-08-24T21:24:53.137428+00:00","timestamp_end":"2025-08-24T21:24:53.137514+00:00","duration_ms":0.087,"func":"business_hours_between","module":"metrics","request_id":null,"ok":true}
{"timestamp_start":"2025-08-24T21:24:53.140030+00:00","timestamp_end":"2025-08-24T21:24:53.140087+00:00","duration_ms":0.058,"func":"business_hours_between","module":"metrics","request_id":null,"ok":true}
{"timestamp_start":"2025-08-24T21:24:53.143187+00:00","timestamp_end":"2025-08-24T21:24:53.143241+00:00","duration_ms":0.056,"func":"business_hours_between","module":"metrics","request_id":null,"ok":true}
{"timestamp_start":"2025-08-24T21:24:53.147029+00:00","timestamp_end":"2025-08-24T21:24:53.147203+00:00","duration_ms":0.178,"func":"business_hours_between","module":"metrics","request_id":null,"ok":true}
{"timestamp_start":"2025-08-24T21:24:53.152694+00:00","timestamp_end":"2025-08-24T21:24:53.152856+00:00","duration_ms":0.166,"func":"business_hours_between","module":"metrics","request_id":null,"ok":true}
{"timestamp_start":"2025-08-24T21:24:53.155933+00:00","timestamp_end":"2025-08-24T21:24:53.155997+00:00","duration_ms":0.065,"func":"business_hours_between","module":"metrics","request_id":null,"ok":true}
{"timestamp_start":"2025-08-24T21:24:53.159106+00:00","timestamp_end":"2025-08-24T21:24:53.159155+00:00","duration_ms":0.05,"func":"business_hours_between","module":"metrics","request_id":null,"ok":true}
{"timestamp_start":"2025-08-24T21:24:53.162684+00:00","timestamp_end":"2025-08-24T21:24:53.162900+00:00","duration_ms":0.226,"func":"business_hours_between","module":"metrics","request_id":null,"ok":true}
{"timestamp_start":"2025-08-24T21:24:53.166580+00:00","timestamp_end":"2025-08-24T21:24:53.166741+00:00","duration_ms":0.164,"func":"business_hours_between","module":"metrics","request_id":null,"ok":true}
{"timestamp_start":"2025-08-24T21:24:53.170250+00:00","timestamp_end":"2025-08-24T21:24:53.170346+00:00","duration_ms":0.097,"func":"business_hours_between","module":"metrics","request_id":null,"ok":true}
{"timestamp_start":"2025-08-24T21:24:53.173224+00:00","timestamp_end":"2025-08-24T21:24:53.173399+00:00","duration_ms":0.177,"func":"business_hours_between","module":"metrics","request_id":null,"ok":true}
{"timestamp_start":"2025-08-24T21:24:53.175895+00:00","timestamp_end":"2025-08-24T21:24:53.175966+00:00","duration_ms":0.072,"func":"business_hours_between","module":"metrics","request_id":null,"ok":true}
{"timestamp_start":"2025-08-24T21:24:53.179210+00:00","timestamp_end":"2025-08-24T21:24:53.179404+00:00","duration_ms":0.2,"func":"business_hours_between","module":"metrics","request_id":null,"ok":true}
{"timestamp_start":"2025-08-24T21:24:53.182833+00:00","timestamp_end":"2025-08-24T21:24:53.182907+00:00","duration_ms":0.077,"func":"business_hours_between","module":"metrics","request_id":null,"ok":true}
{"timestamp_start":"2025-08-24T21:24:53.185627+00:00","timestamp_end":"2025-08-24T21:24:53.185713+00:00","duration_ms":0.088,"func":"business_hours_between","module":"metrics","request_id":null,"ok":true}
{"timestamp_start":"2025-08-24T21:24:53.188121+00:00","timestamp_end":"2025-08-24T21:24:53.188182+00:00","duration_ms":0.062,"func":"business_hours_between","module":"metrics","request_id":null,"ok":true}
{"timestamp_start":"2025-08-24T21:24:53.190773+00:00","timestamp_end":"2025-08-24T21:24:53.190845+00:00","duration_ms":0.073,"func":"business_hours_between","module":"metrics","request_id":null,"ok":true}
{"timestamp_start":"2025-08-24T21:24:53.193048+00:00","timestamp_end":"2025-08-24T21:24:53.193094+00:00","duration_ms":0.047,"func":"business_hours_between","module":"metrics","request_id":null,"ok":true}
{"timestamp_start":"2025-08-24T21:24:53.196021+00:00","timestamp_end":"2025-08-24T21:24:53.196251+00:00","duration_ms":0.236,"func":"business_hours_between","module":"metrics","request_id":null,"ok":true}
{"timestamp_start":"2025-08-24T21:24:53.199430+00:00","timestamp_end":"2025-08-24T21:24:53.199519+00:00","duration_ms":0.092,"func":"business_hours_between","module":"metrics","request_id":null,"ok":true}
{"timestamp_start":"2025-08-24T21:24:53.202839+00:00","timestamp_end":"2025-08-24T21:24:53.202897+00:00","duration_ms":0.059,"func":"business_hours_between","module":"metrics","request_id":null,"ok":true}
{"timestamp_start":"2025-08-24T21:24:53.205867+00:00","timestamp_end":"2025-08-24T21:24:53.205933+00:00","duration_ms":0.067,"func":"business_hours_between","module":"metrics","request_id":null,"ok":true}
{"timestamp_start":"2025-08-24T21:24:53.209024+00:00","timestamp_end":"2025-08-24T21:24:53.209156+00:00","duration_ms":0.138,"func":"business_hours_between","module":"metrics","request_id":null,"ok":true}
{"timestamp_start":"2025-08-24T21:24:53.213022+00:00","timestamp_end":"2025-08-24T21:24:53.213203+00:00","duration_ms":0.187,"func":"business_hours_between","module":"metrics","request_id":null,"ok":true}
{"timestamp_start":"2025-08-24T21:24:53.216349+00:00","timestamp_end":"2025-08-24T21:24:53.216405+00:00","duration_ms":0.057,"func":"business_hours_between","module":"metrics","request_id":null,"ok":true}
{"timestamp_start":"2025-08-24T21:24:53.219086+00:00","timestamp_end":"2025-08-24T21:24:53.219329+00:00","duration_ms":0.247,"func":"business_hours_between","module":"metrics","request_id":null,"ok":true}
{"timestamp_start":"2025-08-24T21:24:53.222087+00:00","timestamp_end":"2025-08-24T21:24:53.222177+00:00","duration_ms":0.092,"func":"business_hours_between","module":"metrics","request_id":null,"ok":true}
{"timestamp_start":"2025-08-24T21:24:53.224804+00:00","timestamp_end":"2025-08-24T21:24:53.224939+00:00","duration_ms":0.136,"func":"business_hours_between","module":"metrics","request_id":null,"ok":true}
{"timestamp_start":"2025-08-24T21:24:53.228053+00:00","timestamp_end":"2025-08-24T21:24:53.228196+00:00","duration_ms":0.144,"func":"business_hours_between","module":"metrics","request_id":null,"ok":true}
{"timestamp_start":"2025-08-24T21:24:53.231480+00:00","timestamp_end":"2025-08-24T21:24:53.231606+00:00","duration_ms":0.131,"func":"business_hours_between","module":"metrics","request_id":null,"ok":true}
{"timestamp_start":"2025-08-24T21:24:53.234664+00:00","timestamp_end":"2025-08-24T21:24:53.234786+00:00","duration_ms":0.123,"func":"business_hours_between","module":"metrics","request_id":null,"ok":true}
{"timestamp_start":"2025-08-24T21:24:53.237908+00:00","timestamp_end":"2025-08-24T21:24:53.238046+00:00","duration_ms":0.14,"func":"business_hours_between","module":"metrics","request_id":null,"ok":true}
{"timestamp_start":"2025-08-24T21:24:53.240902+00:00","timestamp_end":"2025-08-24T21:24:53.241003+00:00","duration_ms":0.103,"func":"business_hours_between","module":"metrics","request_id":null,"ok":true}
{"timestamp_start":"2025-08-24T21:24:53.243891+00:00","timestamp_end":"2025-08-24T21:24:53.244175+00:00","duration_ms":0.286,"func":"business_hours_between","module":"metrics","request_id":null,"ok":true}
{"timestamp_start":"2025-08-24T21:24:53.111183+00:00","timestamp_end":"2025-08-24T21:24:53.249259+00:00","duration_ms":138.081,"func":"resolution_time_series","module":"metrics","request_id":null,"ok":true}
{"timestamp_start":"2025-08-24T21:24:53.251706+00:00","timestamp_end":"2025-08-24T21:24:53.252723+00:00","duration_ms":1.021,"func":"backlog_trend_series","module":"metrics","request_id":null,"ok":true}
{"timestamp_start":"2025-08-24T21:25:05.908890+00:00","timestamp_end":"2025-08-24T21:25:05.959188+00:00","duration_ms":50.305,"func":"_get","module":"glpi_client","request_id":null,"ok":true}
{"timestamp_start":"2025-08-24T21:25:05.673525+00:00","timestamp_end":"2025-08-24T21:25:05.962668+00:00","duration_ms":289.149,"func":"init_session","module":"glpi_client","request_id":null,"ok":true}
{"timestamp_start":"2025-08-24T21:25:05.965977+00:00","timestamp_end":"2025-08-24T21:25:06.049452+00:00","duration_ms":83.481,"func":"_get","module":"glpi_client","request_id":null,"ok":true}
{"timestamp_start":"2025-08-24T21:25:05.965975+00:00","timestamp_end":"2025-08-24T21:25:06.053225+00:00","duration_ms":87.256,"func":"list_search_options","module":"glpi_client","request_id":null,"ok":true}
{"timestamp_start":"2025-08-24T21:25:06.055921+00:00","timestamp_end":"2025-08-24T21:25:06.098900+00:00","duration_ms":42.986,"func":"try_get_group_name","module":"glpi_client","request_id":null,"ok":true}
{"timestamp_start":"2025-08-24T21:25:06.103401+00:00","timestamp_end":"2025-08-24T21:25:06.295003+00:00","duration_ms":191.606,"func":"_get","module":"glpi_client","request_id":null,"ok":true}
{"timestamp_start":"2025-08-24T21:25:06.103390+00:00","timestamp_end":"2025-08-24T21:25:06.304094+00:00","duration_ms":200.712,"func":"raw_search","module":"glpi_client","request_id":null,"ok":true}
{"timestamp_start":"2025-08-24T21:25:05.965964+00:00","timestamp_end":"2025-08-24T21:25:06.315594+00:00","duration_ms":349.636,"func":"bulk_search_observer_tickets","module":"data_access","request_id":null,"ok":true}
{"timestamp_start":"2025-08-24T21:25:06.326100+00:00","timestamp_end":"2025-08-24T21:25:06.328319+00:00","duration_ms":2.225,"func":"normalize_ticket_df","module":"metrics","request_id":null,"ok":true}
{"timestamp_start":"2025-08-24T21:25:06.336187+00:00","timestamp_end":"2025-08-24T21:25:06.379526+00:00","duration_ms":43.344,"func":"_get","module":"glpi_client","request_id":null,"ok":true}
{"timestamp_start":"2025-08-24T21:25:06.336176+00:00","timestamp_end":"2025-08-24T21:25:06.384728+00:00","duration_ms":48.561,"func":"kill_session","module":"glpi_client","request_id":null,"ok":true}
{"timestamp_start":"2025-08-24T21:25:06.388675+00:00","timestamp_end":"2025-08-24T21:25:06.391954+00:00","duration_ms":3.284,"func":"created_resolved","module":"metrics","request_id":null,"ok":true}
{"timestamp_start":"2025-08-24T21:25:06.396644+00:00","timestamp_end":"2025-08-24T21:25:06.398685+00:00","duration_ms":2.05,"func":"backlog_trend_series","module":"metrics","request_id":null,"ok":true}
{"timestamp_start":"2025-08-24T21:25:06.402255+00:00","timestamp_end":"2025-08-24T21:25:06.403118+00:00","duration_ms":0.866,"func":"backlog_status","module":"metrics","request_id":null,"ok":true}
{"timestamp_start":"2025-08-24T21:25:06.407041+00:00","timestamp_end":"2025-08-24T21:25:06.409529+00:00","duration_ms":2.492,"func":"sla_solution","module":"metrics","request_id":null,"ok":true}
{"timestamp_start":"2025-08-24T21:25:06.413265+00:00","timestamp_end":"2025-08-24T21:25:06.417048+00:00","duration_ms":3.792,"func":"aging_buckets","module":"metrics","request_id":null,"ok":true}
{"timestamp_start":"2025-08-24T21:25:06.422228+00:00","timestamp_end":"2025-08-24T21:25:06.423303+00:00","duration_ms":1.08,"func":"composition","module":"metrics","request_id":null,"ok":true}
{"timestamp_start":"2025-08-24T21:25:06.428469+00:00","timestamp_end":"2025-08-24T21:25:06.429536+00:00","duration_ms":1.073,"func":"load_by_assignee","module":"metrics","request_id":null,"ok":true}
{"timestamp_start":"2025-08-24T21:25:06.436024+00:00","timestamp_end":"2025-08-24T21:25:06.436079+00:00","duration_ms":0.055,"func":"business_hours_between","module":"metrics","request_id":null,"ok":true}
{"timestamp_start":"2025-08-24T21:25:06.439285+00:00","timestamp_end":"2025-08-24T21:25:06.439348+00:00","duration_ms":0.064,"func":"business_hours_between","module":"metrics","request_id":null,"ok":true}
{"timestamp_start":"2025-08-24T21:25:06.443088+00:00","timestamp_end":"2025-08-24T21:25:06.443142+00:00","duration_ms":0.056,"func":"business_hours_between","module":"metrics","request_id":null,"ok":true}
{"timestamp_start":"2025-08-24T21:25:06.446825+00:00","timestamp_end":"2025-08-24T21:25:06.446910+00:00","duration_ms":0.086,"func":"business_hours_between","module":"metrics","request_id":null,"ok":true}
{"timestamp_start":"2025-08-24T21:25:06.449271+00:00","timestamp_end":"2025-08-24T21:25:06.449326+00:00","duration_ms":0.055,"func":"business_hours_between","module":"metrics","request_id":null,"ok":true}
{"timestamp_start":"2025-08-24T21:25:06.451599+00:00","timestamp_end":"2025-08-24T21:25:06.451645+00:00","duration_ms":0.046,"func":"business_hours_between","module":"metrics","request_id":null,"ok":true}
{"timestamp_start":"2025-08-24T21:25:06.454120+00:00","timestamp_end":"2025-08-24T21:25:06.454159+00:00","duration_ms":0.04,"func":"business_hours_between","module":"metrics","request_id":null,"ok":true}
{"timestamp_start":"2025-08-24T21:25:06.456922+00:00","timestamp_end":"2025-08-24T21:25:06.456990+00:00","duration_ms":0.07,"func":"business_hours_between","module":"metrics","request_id":null,"ok":true}
{"timestamp_start":"2025-08-24T21:25:06.459763+00:00","timestamp_end":"2025-08-24T21:25:06.459829+00:00","duration_ms":0.067,"func":"business_hours_between","module":"metrics","request_id":null,"ok":true}
{"timestamp_start":"2025-08-24T21:25:06.463284+00:00","timestamp_end":"2025-08-24T21:25:06.463498+00:00","duration_ms":0.22,"func":"business_hours_between","module":"metrics","request_id":null,"ok":true}
{"timestamp_start":"2025-08-24T21:25:06.465713+00:00","timestamp_end":"2025-08-24T21:25:06.465764+00:00","duration_ms":0.052,"func":"business_hours_between","module":"metrics","request_id":null,"ok":true}
{"timestamp_start":"2025-08-24T21:25:06.468537+00:00","timestamp_end":"2025-08-24T21:25:06.468584+00:00","duration_ms":0.048,"func":"business_hours_between","module":"metrics","request_id":null,"ok":true}
{"timestamp_start":"2025-08-24T21:25:06.471321+00:00","timestamp_end":"2025-08-24T21:25:06.471381+00:00","duration_ms":0.061,"func":"business_hours_between","module":"metrics","request_id":null,"ok":true}
{"timestamp_start":"2025-08-24T21:25:06.474357+00:00","timestamp_end":"2025-08-24T21:25:06.474396+00:00","duration_ms":0.04,"func":"business_hours_between","module":"metrics","request_id":null,"ok":true}
{"timestamp_start":"2025-08-24T21:25:06.476558+00:00","timestamp_end":"2025-08-24T21:25:06.476597+00:00","duration_ms":0.04,"func":"business_hours_between","module":"metrics","request_id":null,"ok":true}
{"timestamp_start":"2025-08-24T21:25:06.479905+00:00","timestamp_end":"2025-08-24T21:25:06.480075+00:00","duration_ms":0.174,"func":"business_hours_between","module":"metrics","request_id":null,"ok":true}
{"timestamp_start":"2025-08-24T21:25:06.483127+00:00","timestamp_end":"2025-08-24T21:25:06.483193+00:00","duration_ms":0.068,"func":"business_hours_between","module":"metrics","request_id":null,"ok":true}
{"timestamp_start":"2025-08-24T21:25:06.485653+00:00","timestamp_end":"2025-08-24T21:25:06.485738+00:00","duration_ms":0.086,"func":"business_hours_between","module":"metrics","request_id":null,"ok":true}
{"timestamp_start":"2025-08-24T21:25:06.488295+00:00","timestamp_end":"2025-08-24T21:25:06.488460+00:00","duration_ms":0.166,"func":"business_hours_between","module":"metrics","request_id":null,"ok":true}
{"timestamp_start":"2025-08-24T21:25:06.491063+00:00","timestamp_end":"2025-08-24T21:25:06.491107+00:00","duration_ms":0.045,"func":"business_hours_between","module":"metrics","request_id":null,"ok":true}
{"timestamp_start":"2025-08-24T21:25:06.493647+00:00","timestamp_end":"2025-08-24T21:25:06.493690+00:00","duration_ms":0.044,"func":"business_hours_between","module":"metrics","request_id":null,"ok":true}
{"timestamp_start":"2025-08-24T21:25:06.496796+00:00","timestamp_end":"2025-08-24T21:25:06.496914+00:00","duration_ms":0.121,"func":"business_hours_between","module":"metrics","request_id":null,"ok":true}
{"timestamp_start":"2025-08-24T21:25:06.500512+00:00","timestamp_end":"2025-08-24T21:25:06.500604+00:00","duration_ms":0.094,"func":"business_hours_between","module":"metrics","request_id":null,"ok":true}
{"timestamp_start":"2025-08-24T21:25:06.503549+00:00","timestamp_end":"2025-08-24T21:25:06.503603+00:00","duration_ms":0.055,"func":"business_hours_between","module":"metrics","request_id":null,"ok":true}
{"timestamp_start":"2025-08-24T21:25:06.505730+00:00","timestamp_end":"2025-08-24T21:25:06.505768+00:00","duration_ms":0.04,"func":"business_hours_between","module":"metrics","request_id":null,"ok":true}
{"timestamp_start":"2025-08-24T21:25:06.508114+00:00","timestamp_end":"2025-08-24T21:25:06.508152+00:00","duration_ms":0.039,"func":"business_hours_between","module":"metrics","request_id":null,"ok":true}
{"timestamp_start":"2025-08-24T21:25:06.510849+00:00","timestamp_end":"2025-08-24T21:25:06.510888+00:00","duration_ms":0.041,"func":"business_hours_between","module":"metrics","request_id":null,"ok":true}
{"timestamp_start":"2025-08-24T21:25:06.514278+00:00","timestamp_end":"2025-08-24T21:25:06.514376+00:00","duration_ms":0.101,"func":"business_hours_between","module":"metrics","request_id":null,"ok":true}
{"timestamp_start":"2025-08-24T21:25:06.516650+00:00","timestamp_end":"2025-08-24T21:25:06.516752+00:00","duration_ms":0.105,"func":"business_hours_between","module":"metrics","request_id":null,"ok":true}
{"timestamp_start":"2025-08-24T21:25:06.518421+00:00","timestamp_end":"2025-08-24T21:25:06.518542+00:00","duration_ms":0.122,"func":"business_hours_between","module":"metrics","request_id":null,"ok":true}
{"timestamp_start":"2025-08-24T21:25:06.520969+00:00","timestamp_end":"2025-08-24T21:25:06.521212+00:00","duration_ms":0.247,"func":"business_hours_between","module":"metrics","request_id":null,"ok":true}
{"timestamp_start":"2025-08-24T21:25:06.523460+00:00","timestamp_end":"2025-08-24T21:25:06.523505+00:00","duration_ms":0.047,"func":"business_hours_between","module":"metrics","request_id":null,"ok":true}
{"timestamp_start":"2025-08-24T21:25:06.526410+00:00","timestamp_end":"2025-08-24T21:25:06.526494+00:00","duration_ms":0.086,"func":"business_hours_between","module":"metrics","request_id":null,"ok":true}
{"timestamp_start":"2025-08-24T21:25:06.529373+00:00","timestamp_end":"2025-08-24T21:25:06.529548+00:00","duration_ms":0.177,"func":"business_hours_between","module":"metrics","request_id":null,"ok":true}
{"timestamp_start":"2025-08-24T21:25:06.532423+00:00","timestamp_end":"2025-08-24T21:25:06.532536+00:00","duration_ms":0.115,"func":"business_hours_between","module":"metrics","request_id":null,"ok":true}
{"timestamp_start":"2025-08-24T21:25:06.535359+00:00","timestamp_end":"2025-08-24T21:25:06.535640+00:00","duration_ms":0.284,"func":"business_hours_between","module":"metrics","request_id":null,"ok":true}
{"timestamp_start":"2025-08-24T21:25:06.435033+00:00","timestamp_end":"2025-08-24T21:25:06.539458+00:00","duration_ms":104.43,"func":"resolution_time_series","module":"metrics","request_id":null,"ok":true}
{"timestamp_start":"2025-08-24T21:25:06.544057+00:00","timestamp_end":"2025-08-24T21:25:06.544114+00:00","duration_ms":0.059,"func":"business_hours_between","module":"metrics","request_id":null,"ok":true}
{"timestamp_start":"2025-08-24T21:25:06.547457+00:00","timestamp_end":"2025-08-24T21:25:06.547562+00:00","duration_ms":0.107,"func":"business_hours_between","module":"metrics","request_id":null,"ok":true}
{"timestamp_start":"2025-08-24T21:25:06.550911+00:00","timestamp_end":"2025-08-24T21:25:06.550960+00:00","duration_ms":0.05,"func":"business_hours_between","module":"metrics","request_id":null,"ok":true}
{"timestamp_start":"2025-08-24T21:25:06.554120+00:00","timestamp_end":"2025-08-24T21:25:06.554164+00:00","duration_ms":0.046,"func":"business_hours_between","module":"metrics","request_id":null,"ok":true}
{"timestamp_start":"2025-08-24T21:25:06.556980+00:00","timestamp_end":"2025-08-24T21:25:06.557026+00:00","duration_ms":0.048,"func":"business_hours_between","module":"metrics","request_id":null,"ok":true}
{"timestamp_start":"2025-08-24T21:25:06.560065+00:00","timestamp_end":"2025-08-24T21:25:06.560109+00:00","duration_ms":0.045,"func":"business_hours_between","module":"metrics","request_id":null,"ok":true}
{"timestamp_start":"2025-08-24T21:25:06.563420+00:00","timestamp_end":"2025-08-24T21:25:06.563550+00:00","duration_ms":0.133,"func":"business_hours_between","module":"metrics","request_id":null,"ok":true}
{"timestamp_start":"2025-08-24T21:25:06.566574+00:00","timestamp_end":"2025-08-24T21:25:06.566677+00:00","duration_ms":0.106,"func":"business_hours_between","module":"metrics","request_id":null,"ok":true}
{"timestamp_start":"2025-08-24T21:25:06.569752+00:00","timestamp_end":"2025-08-24T21:25:06.569827+00:00","duration_ms":0.076,"func":"business_hours_between","module":"metrics","request_id":null,"ok":true}
{"timestamp_start":"2025-08-24T21:25:06.572257+00:00","timestamp_end":"2025-08-24T21:25:06.572292+00:00","duration_ms":0.036,"func":"business_hours_between","module":"metrics","request_id":null,"ok":true}
{"timestamp_start":"2025-08-24T21:25:06.575423+00:00","timestamp_end":"2025-08-24T21:25:06.575466+00:00","duration_ms":0.043,"func":"business_hours_between","module":"metrics","request_id":null,"ok":true}
{"timestamp_start":"2025-08-24T21:25:06.577906+00:00","timestamp_end":"2025-08-24T21:25:06.577946+00:00","duration_ms":0.041,"func":"business_hours_between","module":"metrics","request_id":null,"ok":true}
{"timestamp_start":"2025-08-24T21:25:06.583232+00:00","timestamp_end":"2025-08-24T21:25:06.583335+00:00","duration_ms":0.105,"func":"business_hours_between","module":"metrics","request_id":null,"ok":true}
{"timestamp_start":"2025-08-24T21:25:06.586424+00:00","timestamp_end":"2025-08-24T21:25:06.586483+00:00","duration_ms":0.061,"func":"business_hours_between","module":"metrics","request_id":null,"ok":true}
{"timestamp_start":"2025-08-24T21:25:06.589275+00:00","timestamp_end":"2025-08-24T21:25:06.589317+00:00","duration_ms":0.043,"func":"business_hours_between","module":"metrics","request_id":null,"ok":true}
{"timestamp_start":"2025-08-24T21:25:06.592092+00:00","timestamp_end":"2025-08-24T21:25:06.592147+00:00","duration_ms":0.056,"func":"business_hours_between","module":"metrics","request_id":null,"ok":true}
{"timestamp_start":"2025-08-24T21:25:06.595738+00:00","timestamp_end":"2025-08-24T21:25:06.595965+00:00","duration_ms":0.233,"func":"business_hours_between","module":"metrics","request_id":null,"ok":true}
{"timestamp_start":"2025-08-24T21:25:06.599472+00:00","timestamp_end":"2025-08-24T21:25:06.599593+00:00","duration_ms":0.123,"func":"business_hours_between","module":"metrics","request_id":null,"ok":true}
{"timestamp_start":"2025-08-24T21:25:06.602839+00:00","timestamp_end":"2025-08-24T21:25:06.603546+00:00","duration_ms":0.711,"func":"business_hours_between","module":"metrics","request_id":null,"ok":true}
{"timestamp_start":"2025-08-24T21:25:06.606250+00:00","timestamp_end":"2025-08-24T21:25:06.606307+00:00","duration_ms":0.058,"func":"business_hours_between","module":"metrics","request_id":null,"ok":true}
{"timestamp_start":"2025-08-24T21:25:06.608758+00:00","timestamp_end":"2025-08-24T21:25:06.608809+00:00","duration_ms":0.053,"func":"business_hours_between","module":"metrics","request_id":null,"ok":true}
{"timestamp_start":"2025-08-24T21:25:06.611390+00:00","timestamp_end":"2025-08-24T21:25:06.611428+00:00","duration_ms":0.039,"func":"business_hours_between","module":"metrics","request_id":null,"ok":true}
{"timestamp_start":"2025-08-24T21:25:06.615574+00:00","timestamp_end":"2025-08-24T21:25:06.615679+00:00","duration_ms":0.108,"func":"business_hours_between","module":"metrics","request_id":null,"ok":true}
{"timestamp_start":"2025-08-24T21:25:06.619305+00:00","timestamp_end":"2025-08-24T21:25:06.619364+00:00","duration_ms":0.06,"func":"business_hours_between","module":"metrics","request_id":null,"ok":true}
{"timestamp_start":"2025-08-24T21:25:06.622329+00:00","timestamp_end":"2025-08-24T21:25:06.622366+00:00","duration_ms":0.038,"func":"business_hours_between","module":"metrics","request_id":null,"ok":true}
{"timestamp_start":"2025-08-24T21:25:06.624846+00:00","timestamp_end":"2025-08-24T21:25:06.624890+00:00","duration_ms":0.045,"func":"business_hours_between","module":"metrics","request_id":null,"ok":true}
{"timestamp_start":"2025-08-24T21:25:06.628737+00:00","timestamp_end":"2025-08-24T21:25:06.628894+00:00","duration_ms":0.162,"func":"business_hours_between","module":"metrics","request_id":null,"ok":true}
{"timestamp_start":"2025-08-24T21:25:06.632976+00:00","timestamp_end":"2025-08-24T21:25:06.633069+00:00","duration_ms":0.095,"func":"business_hours_between","module":"metrics","request_id":null,"ok":true}
{"timestamp_start":"2025-08-24T21:25:06.636359+00:00","timestamp_end":"2025-08-24T21:25:06.636435+00:00","duration_ms":0.078,"func":"business_hours_between","module":"metrics","request_id":null,"ok":true}
{"timestamp_start":"2025-08-24T21:25:06.639002+00:00","timestamp_end":"2025-08-24T21:25:06.639103+00:00","duration_ms":0.102,"func":"business_hours_between","module":"metrics","request_id":null,"ok":true}
{"timestamp_start":"2025-08-24T21:25:06.641580+00:00","timestamp_end":"2025-08-24T21:25:06.641650+00:00","duration_ms":0.071,"func":"business_hours_between","module":"metrics","request_id":null,"ok":true}
{"timestamp_start":"2025-08-24T21:25:06.645404+00:00","timestamp_end":"2025-08-24T21:25:06.645553+00:00","duration_ms":0.155,"func":"business_hours_between","module":"metrics","request_id":null,"ok":true}
{"timestamp_start":"2025-08-24T21:25:06.649864+00:00","timestamp_end":"2025-08-24T21:25:06.649987+00:00","duration_ms":0.125,"func":"business_hours_between","module":"metrics","request_id":null,"ok":true}
{"timestamp_start":"2025-08-24T21:25:06.653091+00:00","timestamp_end":"2025-08-24T21:25:06.653213+00:00","duration_ms":0.124,"func":"business_hours_between","module":"metrics","request_id":null,"ok":true}
{"timestamp_start":"2025-08-24T21:25:06.655892+00:00","timestamp_end":"2025-08-24T21:25:06.655978+00:00","duration_ms":0.087,"func":"business_hours_between","module":"metrics","request_id":null,"ok":true}
{"timestamp_start":"2025-08-24T21:25:06.658864+00:00","timestamp_end":"2025-08-24T21:25:06.659101+00:00","duration_ms":0.238,"func":"business_hours_between","module":"metrics","request_id":null,"ok":true}
{"timestamp_start":"2025-08-24T21:25:06.543199+00:00","timestamp_end":"2025-08-24T21:25:06.664123+00:00","duration_ms":120.93,"func":"resolution_time_series","module":"metrics","request_id":null,"ok":true}
{"timestamp_start":"2025-08-24T21:25:06.667826+00:00","timestamp_end":"2025-08-24T21:25:06.668926+00:00","duration_ms":1.104,"func":"backlog_trend_series","module":"metrics","request_id":null,"ok":true}
{"timestamp_start":"2025-08-24T21:25:23.542333+00:00","timestamp_end":"2025-08-24T21:25:23.591540+00:00","duration_ms":49.213,"func":"_get","module":"glpi_client","request_id":null,"ok":true}
{"timestamp_start":"2025-08-24T21:25:23.298073+00:00","timestamp_end":"2025-08-24T21:25:23.596486+00:00","duration_ms":298.421,"func":"init_session","module":"glpi_client","request_id":null,"ok":true}
{"timestamp_start":"2025-08-24T21:25:23.600088+00:00","timestamp_end":"2025-08-24T21:25:23.683693+00:00","duration_ms":83.611,"func":"_get","module":"glpi_client","request_id":null,"ok":true}
{"timestamp_start":"2025-08-24T21:25:23.600085+00:00","timestamp_end":"2025-08-24T21:25:23.687104+00:00","duration_ms":87.023,"func":"list_search_options","module":"glpi_client","request_id":null,"ok":true}
{"timestamp_start":"2025-08-24T21:25:23.690896+00:00","timestamp_end":"2025-08-24T21:25:23.733559+00:00","duration_ms":42.672,"func":"try_get_group_name","module":"glpi_client","request_id":null,"ok":true}
{"timestamp_start":"2025-08-24T21:25:23.736681+00:00","timestamp_end":"2025-08-24T21:25:23.929203+00:00","duration_ms":192.527,"func":"_get","module":"glpi_client","request_id":null,"ok":true}
{"timestamp_start":"2025-08-24T21:25:23.736670+00:00","timestamp_end":"2025-08-24T21:25:23.932372+00:00","duration_ms":195.708,"func":"raw_search","module":"glpi_client","request_id":null,"ok":true}
{"timestamp_start":"2025-08-24T21:25:23.600075+00:00","timestamp_end":"2025-08-24T21:25:23.939002+00:00","duration_ms":338.934,"func":"bulk_search_observer_tickets","module":"data_access","request_id":null,"ok":true}
{"timestamp_start":"2025-08-24T21:25:23.942895+00:00","timestamp_end":"2025-08-24T21:25:23.946856+00:00","duration_ms":3.966,"func":"normalize_ticket_df","module":"metrics","request_id":null,"ok":true}
{"timestamp_start":"2025-08-24T21:25:23.950688+00:00","timestamp_end":"2025-08-24T21:25:23.991703+00:00","duration_ms":41.019,"func":"_get","module":"glpi_client","request_id":null,"ok":true}
{"timestamp_start":"2025-08-24T21:25:23.950680+00:00","timestamp_end":"2025-08-24T21:25:23.994987+00:00","duration_ms":44.321,"func":"kill_session","module":"glpi_client","request_id":null,"ok":true}
{"timestamp_start":"2025-08-24T21:25:23.999882+00:00","timestamp_end":"2025-08-24T21:25:24.003670+00:00","duration_ms":3.794,"func":"created_resolved","module":"metrics","request_id":null,"ok":true}
{"timestamp_start":"2025-08-24T21:25:24.007170+00:00","timestamp_end":"2025-08-24T21:25:24.008432+00:00","duration_ms":1.266,"func":"backlog_trend_series","module":"metrics","request_id":null,"ok":true}
{"timestamp_start":"2025-08-24T21:25:24.012575+00:00","timestamp_end":"2025-08-24T21:25:24.014543+00:00","duration_ms":1.98,"func":"backlog_status","module":"metrics","request_id":null,"ok":true}
{"timestamp_start":"2025-08-24T21:25:24.018367+00:00","timestamp_end":"2025-08-24T21:25:24.021172+00:00","duration_ms":2.81,"func":"sla_solution","module":"metrics","request_id":null,"ok":true}
{"timestamp_start":"2025-08-24T21:25:24.024639+00:00","timestamp_end":"2025-08-24T21:25:24.027260+00:00","duration_ms":2.626,"func":"aging_buckets","module":"metrics","request_id":null,"ok":true}
{"timestamp_start":"2025-08-24T21:25:24.030583+00:00","timestamp_end":"2025-08-24T21:25:24.032173+00:00","duration_ms":1.602,"func":"composition","module":"metrics","request_id":null,"ok":true}
{"timestamp_start":"2025-08-24T21:25:24.037435+00:00","timestamp_end":"2025-08-24T21:25:24.038105+00:00","duration_ms":0.674,"func":"load_by_assignee","module":"metrics","request_id":null,"ok":true}
{"timestamp_start":"2025-08-24T21:25:24.043126+00:00","timestamp_end":"2025-08-24T21:25:24.043191+00:00","duration_ms":0.066,"func":"business_hours_between","module":"metrics","request_id":null,"ok":true}
{"timestamp_start":"2025-08-24T21:25:24.047477+00:00","timestamp_end":"2025-08-24T21:25:24.047585+00:00","duration_ms":0.111,"func":"business_hours_between","module":"metrics","request_id":null,"ok":true}
{"timestamp_start":"2025-08-24T21:25:24.050974+00:00","timestamp_end":"2025-08-24T21:25:24.051044+00:00","duration_ms":0.072,"func":"business_hours_between","module":"metrics","request_id":null,"ok":true}
{"timestamp_start":"2025-08-24T21:25:24.054497+00:00","timestamp_end":"2025-08-24T21:25:24.054576+00:00","duration_ms":0.081,"func":"business_hours_between","module":"metrics","request_id":null,"ok":true}
{"timestamp_start":"2025-08-24T21:25:24.057954+00:00","timestamp_end":"2025-08-24T21:25:24.058040+00:00","duration_ms":0.09,"func":"business_hours_between","module":"metrics","request_id":null,"ok":true}
{"timestamp_start":"2025-08-24T21:25:24.062145+00:00","timestamp_end":"2025-08-24T21:25:24.062389+00:00","duration_ms":0.252,"func":"business_hours_between","module":"metrics","request_id":null,"ok":true}
{"timestamp_start":"2025-08-24T21:25:24.065436+00:00","timestamp_end":"2025-08-24T21:25:24.065520+00:00","duration_ms":0.087,"func":"business_hours_between","module":"metrics","request_id":null,"ok":true}
{"timestamp_start":"2025-08-24T21:25:24.068485+00:00","timestamp_end":"2025-08-24T21:25:24.068597+00:00","duration_ms":0.114,"func":"business_hours_between","module":"metrics","request_id":null,"ok":true}
{"timestamp_start":"2025-08-24T21:25:24.071828+00:00","timestamp_end":"2025-08-24T21:25:24.072198+00:00","duration_ms":0.374,"func":"business_hours_between","module":"metrics","request_id":null,"ok":true}
{"timestamp_start":"2025-08-24T21:25:24.075246+00:00","timestamp_end":"2025-08-24T21:25:24.075311+00:00","duration_ms":0.066,"func":"business_hours_between","module":"metrics","request_id":null,"ok":true}
{"timestamp_start":"2025-08-24T21:25:24.079824+00:00","timestamp_end":"2025-08-24T21:25:24.079970+00:00","duration_ms":0.151,"func":"business_hours_between","module":"metrics","request_id":null,"ok":true}
{"timestamp_start":"2025-08-24T21:25:24.083173+00:00","timestamp_end":"2025-08-24T21:25:24.083373+00:00","duration_ms":0.205,"func":"business_hours_between","module":"metrics","request_id":null,"ok":true}
{"timestamp_start":"2025-08-24T21:25:24.086284+00:00","timestamp_end":"2025-08-24T21:25:24.086385+00:00","duration_ms":0.102,"func":"business_hours_between","module":"metrics","request_id":null,"ok":true}
{"timestamp_start":"2025-08-24T21:25:24.089206+00:00","timestamp_end":"2025-08-24T21:25:24.089263+00:00","duration_ms":0.058,"func":"business_hours_between","module":"metrics","request_id":null,"ok":true}
{"timestamp_start":"2025-08-24T21:25:24.091766+00:00","timestamp_end":"2025-08-24T21:25:24.091821+00:00","duration_ms":0.056,"func":"business_hours_between","module":"metrics","request_id":null,"ok":true}
{"timestamp_start":"2025-08-24T21:25:24.095247+00:00","timestamp_end":"2025-08-24T21:25:24.095518+00:00","duration_ms":0.28,"func":"business_hours_between","module":"metrics","request_id":null,"ok":true}
{"timestamp_start":"2025-08-24T21:25:24.098807+00:00","timestamp_end":"2025-08-24T21:25:24.098905+00:00","duration_ms":0.11,"func":"business_hours_between","module":"metrics","request_id":null,"ok":true}
{"timestamp_start":"2025-08-24T21:25:24.101607+00:00","timestamp_end":"2025-08-24T21:25:24.101719+00:00","duration_ms":0.114,"func":"business_hours_between","module":"metrics","request_id":null,"ok":true}
{"timestamp_start":"2025-08-24T21:25:24.104232+00:00","timestamp_end":"2025-08-24T21:25:24.104456+00:00","duration_ms":0.225,"func":"business_hours_between","module":"metrics","request_id":null,"ok":true}
{"timestamp_start":"2025-08-24T21:25:24.107960+00:00","timestamp_end":"2025-08-24T21:25:24.108030+00:00","duration_ms":0.072,"func":"business_hours_between","module":"metrics","request_id":null,"ok":true}
{"timestamp_start":"2025-08-24T21:25:24.111975+00:00","timestamp_end":"2025-08-24T21:25:24.112186+00:00","duration_ms":0.224,"func":"business_hours_between","module":"metrics","request_id":null,"ok":true}
{"timestamp_start":"2025-08-24T21:25:24.116550+00:00","timestamp_end":"2025-08-24T21:25:24.116635+00:00","duration_ms":0.087,"func":"business_hours_between","module":"metrics","request_id":null,"ok":true}
{"timestamp_start":"2025-08-24T21:25:24.120450+00:00","timestamp_end":"2025-08-24T21:25:24.120554+00:00","duration_ms":0.107,"func":"business_hours_between","module":"metrics","request_id":null,"ok":true}
{"timestamp_start":"2025-08-24T21:25:24.123666+00:00","timestamp_end":"2025-08-24T21:25:24.123733+00:00","duration_ms":0.069,"func":"business_hours_between","module":"metrics","request_id":null,"ok":true}
{"timestamp_start":"2025-08-24T21:25:24.127459+00:00","timestamp_end":"2025-08-24T21:25:24.127522+00:00","duration_ms":0.065,"func":"business_hours_between","module":"metrics","request_id":null,"ok":true}
{"timestamp_start":"2025-08-24T21:25:24.131406+00:00","timestamp_end":"2025-08-24T21:25:24.131498+00:00","duration_ms":0.095,"func":"business_hours_between","module":"metrics","request_id":null,"ok":true}
{"timestamp_start":"2025-08-24T21:25:24.134543+00:00","timestamp_end":"2025-08-24T21:25:24.134616+00:00","duration_ms":0.075,"func":"business_hours_between","module":"metrics","request_id":null,"ok":true}
{"timestamp_start":"2025-08-24T21:25:24.137661+00:00","timestamp_end":"2025-08-24T21:25:24.137810+00:00","duration_ms":0.152,"func":"business_hours_between","module":"metrics","request_id":null,"ok":true}
{"timestamp_start":"2025-08-24T21:25:24.140528+00:00","timestamp_end":"2025-08-24T21:25:24.140627+00:00","duration_ms":0.101,"func":"business_hours_between","module":"metrics","request_id":null,"ok":true}
{"timestamp_start":"2025-08-24T21:25:24.143861+00:00","timestamp_end":"2025-08-24T21:25:24.143990+00:00","duration_ms":0.13,"func":"business_hours_between","module":"metrics","request_id":null,"ok":true}
{"timestamp_start":"2025-08-24T21:25:24.147935+00:00","timestamp_end":"2025-08-24T21:25:24.148054+00:00","duration_ms":0.14,"func":"business_hours_between","module":"metrics","request_id":null,"ok":true}
{"timestamp_start":"2025-08-24T21:25:24.151511+00:00","timestamp_end":"2025-08-24T21:25:24.151629+00:00","duration_ms":0.123,"func":"business_hours_between","module":"metrics","request_id":null,"ok":true}
{"timestamp_start":"2025-08-24T21:25:24.153591+00:00","timestamp_end":"2025-08-24T21:25:24.153707+00:00","duration_ms":0.119,"func":"business_hours_between","module":"metrics","request_id":null,"ok":true}
{"timestamp_start":"2025-08-24T21:25:24.156342+00:00","timestamp_end":"2025-08-24T21:25:24.156474+00:00","duration_ms":0.143,"func":"business_hours_between","module":"metrics","request_id":null,"ok":true}
{"timestamp_start":"2025-08-24T21:25:24.159064+00:00","timestamp_end":"2025-08-24T21:25:24.159184+00:00","duration_ms":0.121,"func":"business_hours_between","module":"metrics","request_id":null,"ok":true}
{"timestamp_start":"2025-08-24T21:25:24.162258+00:00","timestamp_end":"2025-08-24T21:25:24.163145+00:00","duration_ms":0.896,"func":"business_hours_between","module":"metrics","request_id":null,"ok":true}
{"timestamp_start":"2025-08-24T21:25:24.042176+00:00","timestamp_end":"2025-08-24T21:25:24.168522+00:00","duration_ms":126.352,"func":"resolution_time_series","module":"metrics","request_id":null,"ok":true}
{"timestamp_start":"2025-08-24T21:25:24.173786+00:00","timestamp_end":"2025-08-24T21:25:24.173865+00:00","duration_ms":0.081,"func":"business_hours_between","module":"metrics","request_id":null,"ok":true}
{"timestamp_start":"2025-08-24T21:25:24.177463+00:00","timestamp_end":"2025-08-24T21:25:24.177680+00:00","duration_ms":0.222,"func":"business_hours_between","module":"metrics","request_id":null,"ok":true}
{"timestamp_start":"2025-08-24T21:25:24.181177+00:00","timestamp_end":"2025-08-24T21:25:24.181263+00:00","duration_ms":0.092,"func":"business_hours_between","module":"metrics","request_id":null,"ok":true}
{"timestamp_start":"2025-08-24T21:25:24.184241+00:00","timestamp_end":"2025-08-24T21:25:24.184333+00:00","duration_ms":0.094,"func":"business_hours_between","module":"metrics","request_id":null,"ok":true}
{"timestamp_start":"2025-08-24T21:25:24.186853+00:00","timestamp_end":"2025-08-24T21:25:24.186929+00:00","duration_ms":0.077,"func":"business_hours_between","module":"metrics","request_id":null,"ok":true}
{"timestamp_start":"2025-08-24T21:25:24.189888+00:00","timestamp_end":"2025-08-24T21:25:24.189983+00:00","duration_ms":0.097,"func":"business_hours_between","module":"metrics","request_id":null,"ok":true}
{"timestamp_start":"2025-08-24T21:25:24.192814+00:00","timestamp_end":"2025-08-24T21:25:24.192909+00:00","duration_ms":0.098,"func":"business_hours_between","module":"metrics","request_id":null,"ok":true}
{"timestamp_start":"2025-08-24T21:25:24.196234+00:00","timestamp_end":"2025-08-24T21:25:24.196467+00:00","duration_ms":0.238,"func":"business_hours_between","module":"metrics","request_id":null,"ok":true}
{"timestamp_start":"2025-08-24T21:25:24.198967+00:00","timestamp_end":"2025-08-24T21:25:24.199083+00:00","duration_ms":0.118,"func":"business_hours_between","module":"metrics","request_id":null,"ok":true}
{"timestamp_start":"2025-08-24T21:25:24.201791+00:00","timestamp_end":"2025-08-24T21:25:24.201890+00:00","duration_ms":0.103,"func":"business_hours_between","module":"metrics","request_id":null,"ok":true}
{"timestamp_start":"2025-08-24T21:25:24.204392+00:00","timestamp_end":"2025-08-24T21:25:24.204462+00:00","duration_ms":0.072,"func":"business_hours_between","module":"metrics","request_id":null,"ok":true}
{"timestamp_start":"2025-08-24T21:25:24.207929+00:00","timestamp_end":"2025-08-24T21:25:24.208010+00:00","duration_ms":0.082,"func":"business_hours_between","module":"metrics","request_id":null,"ok":true}
{"timestamp_start":"2025-08-24T21:25:24.212351+00:00","timestamp_end":"2025-08-24T21:25:24.212665+00:00","duration_ms":0.324,"func":"business_hours_between","module":"metrics","request_id":null,"ok":true}
{"timestamp_start":"2025-08-24T21:25:24.215645+00:00","timestamp_end":"2025-08-24T21:25:24.215749+00:00","duration_ms":0.109,"func":"business_hours_between","module":"metrics","request_id":null,"ok":true}
{"timestamp_start":"2025-08-24T21:25:24.218452+00:00","timestamp_end":"2025-08-24T21:25:24.218516+00:00","duration_ms":0.066,"func":"business_hours_between","module":"metrics","request_id":null,"ok":true}
{"timestamp_start":"2025-08-24T21:25:24.222205+00:00","timestamp_end":"2025-08-24T21:25:24.222351+00:00","duration_ms":0.149,"func":"business_hours_between","module":"metrics","request_id":null,"ok":true}
{"timestamp_start":"2025-08-24T21:25:24.225007+00:00","timestamp_end":"2025-08-24T21:25:24.225111+00:00","duration_ms":0.106,"func":"business_hours_between","module":"metrics","request_id":null,"ok":true}
{"timestamp_start":"2025-08-24T21:25:24.228430+00:00","timestamp_end":"2025-08-24T21:25:24.228568+00:00","duration_ms":0.141,"func":"business_hours_between","module":"metrics","request_id":null,"ok":true}
{"timestamp_start":"2025-08-24T21:25:24.232279+00:00","timestamp_end":"2025-08-24T21:25:24.232487+00:00","duration_ms":0.211,"func":"business_hours_between","module":"metrics","request_id":null,"ok":true}
{"timestamp_start":"2025-08-24T21:25:24.235687+00:00","timestamp_end":"2025-08-24T21:25:24.235780+00:00","duration_ms":0.095,"func":"business_hours_between","module":"metrics","request_id":null,"ok":true}
{"timestamp_start":"2025-08-24T21:25:24.239575+00:00","timestamp_end":"2025-08-24T21:25:24.239652+00:00","duration_ms":0.078,"func":"business_hours_between","module":"metrics","request_id":null,"ok":true}
{"timestamp_start":"2025-08-24T21:25:24.242492+00:00","timestamp_end":"2025-08-24T21:25:24.242543+00:00","duration_ms":0.051,"func":"business_hours_between","module":"metrics","request_id":null,"ok":true}
{"timestamp_start":"2025-08-24T21:25:24.246008+00:00","timestamp_end":"2025-08-24T21:25:24.246215+00:00","duration_ms":0.213,"func":"business_hours_between","module":"metrics","request_id":null,"ok":true}
{"timestamp_start":"2025-08-24T21:25:24.249407+00:00","timestamp_end":"2025-08-24T21:25:24.249496+00:00","duration_ms":0.091,"func":"business_hours_between","module":"metrics","request_id":null,"ok":true}
{"timestamp_start":"2025-08-24T21:25:24.252179+00:00","timestamp_end":"2025-08-24T21:25:24.252253+00:00","duration_ms":0.076,"func":"business_hours_between","module":"metrics","request_id":null,"ok":true}
{"timestamp_start":"2025-08-24T21:25:24.255432+00:00","timestamp_end":"2025-08-24T21:25:24.255530+00:00","duration_ms":0.101,"func":"business_hours_between","module":"metrics","request_id":null,"ok":true}
{"timestamp_start":"2025-08-24T21:25:24.258325+00:00","timestamp_end":"2025-08-24T21:25:24.258414+00:00","duration_ms":0.091,"func":"business_hours_between","module":"metrics","request_id":null,"ok":true}
{"timestamp_start":"2025-08-24T21:25:24.260960+00:00","timestamp_end":"2025-08-24T21:25:24.261050+00:00","duration_ms":0.092,"func":"business_hours_between","module":"metrics","request_id":null,"ok":true}
{"timestamp_start":"2025-08-24T21:25:24.263924+00:00","timestamp_end":"2025-08-24T21:25:24.264046+00:00","duration_ms":0.125,"func":"business_hours_between","module":"metrics","request_id":null,"ok":true}
{"timestamp_start":"2025-08-24T21:25:24.266558+00:00","timestamp_end":"2025-08-24T21:25:24.266717+00:00","duration_ms":0.161,"func":"business_hours_between","module":"metrics","request_id":null,"ok":true}
{"timestamp_start":"2025-08-24T21:25:24.269496+00:00","timestamp_end":"2025-08-24T21:25:24.269587+00:00","duration_ms":0.092,"func":"business_hours_between","module":"metrics","request_id":null,"ok":true}
{"timestamp_start":"2025-08-24T21:25:24.271674+00:00","timestamp_end":"2025-08-24T21:25:24.271718+00:00","duration_ms":0.046,"func":"business_hours_between","module":"metrics","request_id":null,"ok":true}
{"timestamp_start":"2025-08-24T21:25:24.274466+00:00","timestamp_end":"2025-08-24T21:25:24.274598+00:00","duration_ms":0.133,"func":"business_hours_between","module":"metrics","request_id":null,"ok":true}
{"timestamp_start":"2025-08-24T21:25:24.277021+00:00","timestamp_end":"2025-08-24T21:25:24.277164+00:00","duration_ms":0.145,"func":"business_hours_between","module":"metrics","request_id":null,"ok":true}
{"timestamp_start":"2025-08-24T21:25:24.280007+00:00","timestamp_end":"2025-08-24T21:25:24.280278+00:00","duration_ms":0.274,"func":"business_hours_between","module":"metrics","request_id":null,"ok":true}
{"timestamp_start":"2025-08-24T21:25:24.283108+00:00","timestamp_end":"2025-08-24T21:25:24.283427+00:00","duration_ms":0.32,"func":"business_hours_between","module":"metrics","request_id":null,"ok":true}
{"timestamp_start":"2025-08-24T21:25:24.172660+00:00","timestamp_end":"2025-08-24T21:25:24.287288+00:00","duration_ms":114.634,"func":"resolution_time_series","module":"metrics","request_id":null,"ok":true}
{"timestamp_start":"2025-08-24T21:25:24.289716+00:00","timestamp_end":"2025-08-24T21:25:24.290878+00:00","duration_ms":1.167,"func":"backlog_trend_series","module":"metrics","request_id":null,"ok":true}
